,Unnamed: 0,site,region,category,disability_type,title,date,content,original_link,content_link,image
0,0,노원장애인자립생활센터어울림,"['서울시', '노원구']",,전체,8~9월 사회복지사 실습생 모집(2인),2023-08-18 17:35:00,"노원장애인자립생활센터 어울림은 중증장애인의 자립생활 실현을 위해 동료상담, 권익옹호, 자립생활기술훈련 등 다양한 서비스를 제공하고 사회참여를 유도하여 주체적인 삶을 실현하도록 지원하고 있습니다. 저희 센터에서는 예비 사회복지사를 대상으로 사회복지영역의 현장실습을 실시하고자 합니다. 장애인 복지와 장애인의 자립생활에 관심이 있는 분들의 많은 관심 바랍니다.

○ 대    상 : 사회복지 전공자 (*장애인 우대)
○ 모집인원 : 2명
○ 실습기간 : 2023년 8월 29일 (화) ~ 9월 25일 (월) 9시~18시(1일 8시간) 20일간
○ 신청기간 : 2023년 8월 21일 (월) ~ 8월 25일 (금)
○ 신청방법 : 신청서, 개인정보동의서 작성 후 이메일 접수(lhslss@hanmail.net)
○ 선정발표 : 2023년 8월 25일 (금) 서류 심사 후 개별 통보
○ 실 습 비 : 10만원 (식대 별도)
○ 실습내용
    - 센터 오리엔테이션
    - 장애인 복지의 이해
    - 권익옹호 및 동료상담, 자립생활기술, 자립생활주택, 장애인 활동지원
    - 사회복지행정
    - 프로그램 기획과 실제
○ 문  의 : 이혜숙 02)930-8212

* 상기 일정은 센터의 사정에 의해 변경될 수 있습니다.",http://www.nowonilc.or.kr/bbs/board.php?bo_table=51&wr_id=2534,http://www.nowonilc.or.kr/bbs/board.php?bo_table=51&wr_id=2534,[]
1,1,노원장애인자립생활센터어울림,"['서울시', '노원구']",,전체,제1회 어울림 시낭송회 '시愛 향연' 공연 개최,2023-08-17 12:21:00,"노원장애인자립생활센터어울림에서 제1회 어울림 시낭송회 '시愛 향연' 공연을 진행합니다.
2023년 자조모임 활성화사업의 일환인 성우자조모임 「나도 성우다」는 5명의 장애인으로 구성된 성우자조모임으로 팟캐스터 활동, 목소리 재능기부, 라디오극 등의 비대면 공연을 이어 왔으며, 올해부터는 대면 공연을 통해 직접 소통하며, 재미있고 생동감 있는 공연을 진행 할 예정입니다.
지역사회 주민분들의 많은 관심과 사랑, 참여 부탁드립니다.

 1. 공  연  명: 제1회 어울림 시낭송회 '시愛 향연'
 2. 공연 일시: 2023.08.19(토) 14:30 ~ 15:30
 3. 공연 장소: 노원역 7호선 라인 역사 내 지하철 무대공간(3번 출구 근처)
 4. 입  장  료: 무료
 5. 공연 내용: ※포스터 참조
 6. 문      의: 02-930-8212 / 070-8822-3430(박희주 간사)",http://www.nowonilc.or.kr/bbs/board.php?bo_table=51&wr_id=2512,http://www.nowonilc.or.kr/bbs/board.php?bo_table=51&wr_id=2512,['http://www.nowonilc.or.kr/data/file/51/2038552338_ZRiS9yHd_75a50fa64d2504847d5f04c88fc289da1ad029c8.png']
2,2,노원장애인자립생활센터어울림,"['서울시', '노원구']",,전체,2023 발달장애인 인권강사 양성과정 참여자를 모집합니다~♡,2023-07-31 09:14:00,"노원장애인자립생활센터어울림에서는 '2023 발달장애인 인권강사 양성과정' 프로그램 참여자(모임)을 모집하고자 합니다.
인권강사 활동에 관심있는 분들의 많은 관심과 신청 바랍니다~


 가. 신청대상 : 인권강사에 관심있는 발달장애인 5명
 나. 신청기간 : 2023.07.28 (금) ~ 08.03 (목) 18:00까지
 다. 신청방법 : 홈페이지(www.nowonilc.or.kr)에서 신청서를 다운로드 받아 작성 후
                      메일(allium0703@naver.com) 또는 방문(노원구 상계로7길 39 한울빌딩 2층) 제출
라. 제출서류 : 신청서, 복지카드, 개인정보 제공동의서 각 1부
마. 교육내용 및 교육일정 : 안내문 참고
바. 문      의 : 02-930-8212 / 070-8822-3430 (박희주 간사)",http://www.nowonilc.or.kr/bbs/board.php?bo_table=51&wr_id=2326,http://www.nowonilc.or.kr/bbs/board.php?bo_table=51&wr_id=2326,['http://www.nowonilc.or.kr/data/file/51/thumb-2038552338_ofrcCbEg_c1f4ccc53a4a8ea543c33df5f0dfbc08025eafbd_750x1050.png']
3,3,노원장애인자립생활센터어울림,"['서울시', '노원구']",,전체,장애인 교통복지카드 전국호환 신청 안내,2023-04-14 17:31:00,장애인 교통복지카드 전국호환 많은 관심 바랍니다,http://www.nowonilc.or.kr/bbs/board.php?bo_table=51&wr_id=1052,http://www.nowonilc.or.kr/bbs/board.php?bo_table=51&wr_id=1052,"['http://www.nowonilc.or.kr/data/file/51/thumb-2038552338_NGDSxqXZ_362d164bf5c0fb2119a1be3f9f4ea4e5a68c5265_750x1030.png', 'http://www.nowonilc.or.kr/data/file/51/thumb-2038552338_1Kc4Nru7_e64f1e0868d5762a471d281d4e93bb59b209bc0e_750x1026.png']"
4,4,노원장애인자립생활센터어울림,"['서울시', '노원구']",,전체,2023년 문화여가 프로그램 '당일치기'의 참여자를 모집합니다.<모집중>,2023-02-21 18:29:00,"우리 센터는 2023년 서울시장애인자립생활센터 지원사업의 일환으로
장애인 당사자분의 자기주도적인 자립생활을 위한 당일치기 여행을 지원합니다.

일상속에 작은 변화와 행복을 찾을 장애인 당사자분들의 많은 관심과 신청 바랍니다. 

○ 사업명: 지가주도적인 자립생활을 위한 여행프로그램 ‘당일치기’
○ 신청대상: 장애인 및 가족(지인)
○ 신청기간: 2023년 4월 ~ 10월(예산소진시 마감)
○ 신청방법: 홈페이지>커뮤니티>공지사항>에서 신청서를 다운로드 받아 작성 후 제출
    - 이메일: joolyeon@hanmail.net 방문: 노원구 상계로7길 39, 2층 
      ※작성이 어려우시분은 유선 접수 가능합니다.
○ 일행일정: 2023년 4월 ~ 11월 중 자율 선택(주말제외)
○ 지원내용
    - 휠체어 및 스쿠터를 실을 수 있는 스타렉스(6인승, 휠체어 1대) 또는 솔라티(9인승, 비장애인 5명 / 수동 4대 또는 전동 2대 권장)
    - 문화 여가 활동비, 식사비 및 다과비
    - 운전 기사
○ 참고사항: 여행 후기 작성(초상권 허락 인물사진을 포함한 후기 / 필수)
      ※참여자님의 여행후기는 센터 사업 발전을 위해 20줄 이상 작성 부탁드립니다.
○ 문의사항: 02-930-8212/ 070-7791-3120(주련 실장)


※선정 후 기관 사정에 따라 여행 일정이 변경될 수 있습니다.",http://www.nowonilc.or.kr/bbs/board.php?bo_table=51&wr_id=816,http://www.nowonilc.or.kr/bbs/board.php?bo_table=51&wr_id=816,[]
5,5,노원장애인자립생활센터어울림,"['서울시', '노원구']",,전체,2023년 천상의 하모니 프로그램 참여자 모집,2023-02-13 15:56:00,"가. 사 업 명: 천상의 하모니
나. 대 상 자: 언어, 청각 장애가 없는 성인 남성 장애인
다. 모집분야: 베이스 1명(우선 선발), 테너 1명, 바리톤 1명
라. 모집기간: 상시 모집
마. 선정방식: 개별오디션 (자유곡 1곡)
바. 신청방법: 홈페이지에서 신청서 작성 후 이메일(curbe321@naver.com) 제출 또는 전화 접수
사. 진행일정: 2023년 3월~12월 (주 1회 수요일 18:30~21:30)
아. 진행내용:
  - 성악과 출신 전문강사를 통한 성악 교육 진행(발성, 발음 교정)
  - 중창곡 연습을 통한 다양한 경연대회 및 공연 참가
자. 문      의: 02-930-8212 (자립생활팀 김종훈)",http://www.nowonilc.or.kr/bbs/board.php?bo_table=51&wr_id=807,http://www.nowonilc.or.kr/bbs/board.php?bo_table=51&wr_id=807,['http://www.nowonilc.or.kr/data/file/51/thumb-2038552338_qj4wLg38_789fbdd9c0719b8ce03ce33bef4f652d3d30f82c_750x1060.jpg']
6,6,노원장애인자립생활센터어울림,"['서울시', '노원구']",,전체,'2023 동료상담 네트워크' 참여할 동료상담가를 모집합니다~♥,2023-02-09 17:06:00,"노원장애인자립생활센터어울림에서는 '2023 동료상담 네트워크'에 참여할 동료상담가를 모집하고자 합니다.
동료상담가로 활동하고 있거나 동료상담에 관심있는 분들의 많은 관심과 참여 부탁드립니다.

  가. 사 업 명 : ‘동료상담 네트워크’
  나. 지원자격 : 동료상담사로 활동하고 있는 동료상담가 또는 동료상담에 관심있는 장애인
  다. 정 원 수 : 10명
  라. 지원기간 : 상시 모집 (2023 사업기간 내) // 정원 초과 시 지원 마감
  마. 진행기간 : 2023년 3월~11월 (월 평균 1회 진행)
  바. 홈페이지(http://nowonilc.or.kr)에서 신청서 다운로드 후 작성하여 이메일(allium0703@naver.com) 제출 또는 전화상담를 통한 신청
  사. 진행장소 : 노원어울림센터 및 지역사회
  아. 진행내용
    - 동료삼담가의 소진 예방
    - 동료상담가들과의 교류회 및 사례공유
    - 동료사담가 역량강화 교육
  자. 문    의 : 070-8822-3430 (박희주)",http://www.nowonilc.or.kr/bbs/board.php?bo_table=51&wr_id=804,http://www.nowonilc.or.kr/bbs/board.php?bo_table=51&wr_id=804,['http://www.nowonilc.or.kr/data/file/51/thumb-2038552338_Otwgm9FS_24f268491a226b4431fa7a7494c7869ac15b92bd_750x1061.png']
7,7,노원장애인자립생활센터어울림,"['서울시', '노원구']",,전체,2023 노원장애인자립생활센터 어울림 사업안내,2023-02-08 09:20:00,2023 노원장애인자립생활센터 어울림 사업안내,http://www.nowonilc.or.kr/bbs/board.php?bo_table=51&wr_id=800,http://www.nowonilc.or.kr/bbs/board.php?bo_table=51&wr_id=800,"['http://www.nowonilc.or.kr/data/file/51/thumb-2038552338_fBnqsKW9_ab468a840e61c1f6dcff366f9c3c73c3434091a7_750x1061.png', 'http://www.nowonilc.or.kr/data/file/51/thumb-2038552338_s8JFdO6b_8de27f5e842d89cb797aa792fc1cd76a85abfee6_750x1061.png']"
8,8,노원장애인자립생활센터어울림,"['서울시', '노원구']",,전체,장애인 이동지원차량(특장차) 서비스 이용 안내,2023-01-30 13:32:00,"노원장애인자립생활센터어울림은 서울시장애인자립생활센터 지원사업의 일환으로 보행 및 스스로의 이동에 불편함을 가지고 있는 장애인들을 대상으로 원활한 사회활동을 할 수 있도록 무료로 이동지원을 하고 있습니다. 많은 이용 바랍니다.

1. 이용대상 : 보행상 장애 및 스스로 이동하는데 어려운 장애인(노원구 거주자 우선)
2. 탑승인원 :  휠체어 이용인 1명, 비휠체어 이용인 4인까지 탑승가능
                  ※ 휠체어 이용인 포함하여 5인까지 가능
3. 운행시간 : 평일 09:00 ~ 18:00
4. 이용료 : 무료(톨게이트 비용은 자부담)
5. 접수방법 : 상시접수(이용일의 최소 하루전까지 예약접수 바람)
    가. 온라인 예약 :  참여공간 → 이동지원 → 달력에서 예약신청
      ※ 예약 바로가기 → www.nowonilc.or.kr/bbs/board.php?bo_table=43
    나. 전화 예약 및 팩스 접수 : 전화 (070-7791-3450) 또는 팩스 접수 (02-936-8212)
    다. 이메일 접수 : 신청서를 다운받아 작성후  →  hno1il@hanmail.net    제출
6. 운행지역: 서울시전역 및 인근지역(안양, 과천, 성남, 하남, 구리, 남양주, 의정부, 고양, 포천)
          ※ 인천과 김포지역은 불가능하지만 인천공항, 김포공항에 한해 이동지원가능
7. 신청시 주의사항 :
  가. 주말 및 공휴일은 운행하지 않습니다.
  나. 톨게이트 비용은 자부담입니다.
  다. 많은 이용자들의 이용을 위하여 1명당 월 1회 최대 연 12회로 제한하고 있습니다.
  라. 왕복운행이 불가하니 이점 양해 바랍니다.
  마. 탑승시 신분증이나 복지카드를 지참해주세요.
  바. 예약접수시 평일 운행시간에 맞춰 주시길 바랍니다.
8. 문의전화: 주련 실장(070-7791-3120)",http://www.nowonilc.or.kr/bbs/board.php?bo_table=51&wr_id=799,http://www.nowonilc.or.kr/bbs/board.php?bo_table=51&wr_id=799,['http://www.nowonilc.or.kr/data/file/51/thumb-2038552338_1yD7eVaA_1c5d7acf38020fe63f86b152a01da46f8ba488f8_750x530.png']
9,9,노원장애인자립생활센터어울림,"['서울시', '노원구']",,전체,2023 2/4분기(2차) 노원장애인자립생활센터어울림 운영위원회 결과보고,2023-07-18 13:34:00,"2023 2/4분기(2차) 노원장애인자립생활센터어울림  운영위원회 결과보고

회의결과
○ 개최일시 : 2023년 7월 13일 (목) 19:00
○ 개최장소 : 노원장애인자립생활센터어울림 교육실
○ 성원보고 : 정원 7명 중 5명 참여,1명 위임
○ 참석위원 : 안교헌, 이성수, 고관철, 정은지, 전태만
○ 위임위원 : 임형찬
○ 보고안건
  · 제1호 2023년 공모사업 신청 사항
  · 제2호 기타 센터 운영에 관한 사항
○의결안건
  · 제1호 2023년도 상반기 사업 실적 및 상반기 결산(안) 심의  → 원안 통과
  · 제2호 제2호 2023년도 사업 계획 변경(안) 심의 건  → 원안 통과
  · 제3호 2023년도 추가 경정 예산(안)  → 원안 통과",http://www.nowonilc.or.kr/bbs/board.php?bo_table=51&wr_id=2236,http://www.nowonilc.or.kr/bbs/board.php?bo_table=51&wr_id=2236,[]
10,10,노원장애인자립생활센터어울림,"['서울시', '노원구']",,전체,2023 ［발달장애인지원자교육］참가자 모집<마감>,2023-07-12 10:02:00,"□ 교육일시: 2023.07.27(목) 10:00 ~ 12:00(2시간)
              2023.07.28(금) 10:00 ~ 12:00(2시간)
□ 신청기간: 2023.07.10(월) ~ 2023.07.21(12일간)
□ 교  육 비: 무료
□ 교육장소: 노원평생교육원 2층 대강당
□ 신청대상: 발달장애인 지원자 50명(선착순 마감)
□ 신청방법: ① 구글신청( https://forms.gle/2a6Wj5s5oyD6FJAB8 )
              ② 홈페이지에서 신청서 다운로드하여 작성 후 제출
                - 이메일 hno1il@hanmail.net
                - FAX 02-936-8212
□ 문의사항: 조신익 권익옹호팀 팀장 070-7791-3450",http://www.nowonilc.or.kr/bbs/board.php?bo_table=51&wr_id=1989,http://www.nowonilc.or.kr/bbs/board.php?bo_table=51&wr_id=1989,['http://www.nowonilc.or.kr/data/file/51/thumb-2038552338_81DAQEp2_6e1a3f5d0b61dcf46e92a3a575ded592b6f54034_750x1060.jpg']
11,11,노원장애인자립생활센터어울림,"['서울시', '노원구']",,전체,"(에이블뉴스)서울시 ‘장애인 버스 이용요금 지원’, 7월 중순 신청 가능",2023-06-28 09:23:00,"서울시 ‘장애인 버스 이용요금 지원’, 7월 중순 신청 가능
기자명권중훈 기자 입력 2023.06.26 13:23

서울시의 장애인 버스 이용요금 지원 사업 신청이 오는 7월 중순부터 가능할 전망이다.

서울시는 오는 27일 2023년 하반기 새롭게 시행되는 사업과 개관을 앞둔 공공시설에 대한 정보, 시민 생활과 관련해 달라지는 제도들을 이해하기 쉽게 담은 ‘2023 하반기 달라지는 서울생활’을 전자책(e-book)으로 발간한다.

‘2023 하반기 달라지는 서울생활’은 동행·매력 특별시로 구분해 9개 분야 총 32개 사업으로 구성됐다.

주요 내용을 살펴보면 먼저 서울시 거주 장애인의 버스 이용요금을 지원해 교통비 부담을 경감시키고 대중교통 이용의 선택권을 보장하기 위해 장애인 버스요금 지원사업을 추진한다.

서울시에 거주하는 만 6세 이상 장애인은 사전 신청을 통해 서울버스 및 서울버스와 연계된 경기·인천 버스(환승 시) 이용 시 버스요금을 지원받을 수 있다.

전국 호환 교통복지카드(후불식·충전식 각 1종), 티머니 교통카드(충전식)를 사용해 장애인이 버스요금을 결제하면 시와 카드사에서 정산해 사전 이용 신청한 장애인의 계좌로 환급해주는 구조다. 7월 중순 경부터 동주민센터나 장애인버스요금지원시스템을 통해 이용 신청이 가능하다.

하반기에도 서울 소재 27개 대학교에 등교하는 대학생을 대상으로 ‘천원의 아침밥’ 제공을 지원하고, 공공노인요양시설인 ‘시립강동실버케어센터’가 8월 개원한다.

7월 중에는 매일 24시간 경증·준응급 소아 환자를 진료하는 병원급 이상의 ‘우리아이 안심병원’과 야간 시간대(21~24시) 소아응급 상황 발생 시 간단한 처치 방법과 진료 가능 의료기관을 안내해주는 ‘우리아이 야간상담센터’를 운영한다. 9월부터는 전국 최초로 난자동결 시술 비용을 지원한다.

초등학생 대상 창의 체험 돌봄 공간인 ‘거점형 우리동네키움센터’가 10월 양천구에서 개관하고, 공공 실내 놀이공간 ‘서울형 키즈카페’가 하반기 42개소 추가된다. 출산·육아 통합정보시스템 ‘몽땅정보 만능키’는 9월 중 운영될 계획이다.

서울시의 6개 대학과 함께 중장년 진로 설정·직무역량 강화 교육을 확대하고, 어르신들을 위한 디지털 교육공간인 ‘디지털동행플라자’가 10월부터 영등포구와 은평구에서 시범 운영된다.

시민들이 자발적으로 환경보호에 참여하도록 에코·승용차 지속 마일리지 지급기준을 기존보다 완화하고, 사용처는 확대한다. 7월 1일부터는 주민이 직접 청구서류를 제출해야만 했던 주민감사청구를 온라인으로도 신청할 수 있고, 간편인증 등을 통해 비대면으로 청구인명부 서명 기재를 할 수 있게 된다.

-장애인 곁을 든든하게 지켜주는 대안언론 에이블뉴스(ablenews.co.kr)-

-에이블뉴스 기사 제보 및 보도자료 발송 ablenews@ablenews.co.kr-

[이 게시물은 노원IL어울림님에 의해 2023-08-22 10:18:06 복지 뉴스에서 이동 됨]",http://www.nowonilc.or.kr/bbs/board.php?bo_table=51&wr_id=2595,http://www.nowonilc.or.kr/bbs/board.php?bo_table=51&wr_id=2595,[]
12,12,노원장애인자립생활센터어울림,"['서울시', '노원구']",,전체,2023년 7월 사회복지현장실습생 모집 안내<마감>,2023-06-23 09:35:00,"노원장애인자립생활센터 어울림은 중증장애인의 자립생활 실현을 위해 동료상담, 권익옹호, 자립생활기술훈련 등 다양한 서비스를 제공하고
사회참여를 유도하여 주체적인 삶을 실현하도록 지원하고 있습니다. 저희 센터에서는 예비 사회복지사를 대상으로 사회복지영역의 현장실습을
실시하고자 합니다. 장애인 복지와 장애인의 자립생활에 관심이 있는 분들의 많은 지원바랍니다.

○ 대      상 : 사회복지관련학과 재학생
○ 실습기간 : 2023년 7월 26일 (수) ~ 8월 25일 (금)
                  * 1일 8시간, 총 160시간 (8월 14일, 15일 제외)
○ 신청기간 : 2023년 7월 3일 (월) ~ 7월 7일 (금) 18:00
○ 신청방법 :
 - 실습생 프로파일 및 개인정보 동의서 작성(첨부파일 다운로드)
 - 이메일 접수(rkskek0202@naver.com)
○ 선정발표 : 2023년 7월 10일 (월) 14:00 서류 심사 후 개별 통보
○ 실 습 비 : 100,000원 (식대 별도)
○ 실습내용
 - 센터 오리엔테이션
 - 장애인 복지의 이해
 - 권익옹호 및 동료상담, 자립생활
 - 사회복지행정 및 회계
 - 프로그램 기획과 실제
○ 문  의 : 02-930-8212/ 070-7791-3321(박성희 자립생활팀장)

* 상기 일정은 센터 사정에 의해 변경될 수 있습니다.",http://www.nowonilc.or.kr/bbs/board.php?bo_table=51&wr_id=1541,http://www.nowonilc.or.kr/bbs/board.php?bo_table=51&wr_id=1541,[]
13,13,노원장애인자립생활센터어울림,"['서울시', '노원구']",,전체,[녹색펀드 장애인 치과지원사업 신청안내]<마감>,2023-06-20 18:20:00,"1. 한자연에서는 세계녹색기후기구에서 지원하고 희망행복조합이 실행하는  ‘녹색펀드 치과지원사업(임플란트 사업)’ 신청을 안내하고자 하오니, 자세한 사항은 아래의 내용을 참조하시고 많은 관심바랍니다.

 가. 사업명: 녹색펀드 장애인 치과지원사업
 나. 사업개요
  1) 지원대상: ‘장애인복지법’ 에 의하여 등록한 장애인이며,  의료급여 수급권자 1 · 2종
  2) 지원내용: 치과 임플란트 무상지원
  3) 지원병원: 서울시 강동구 서울치과병원, 서울시 강서구 타코마신호드림치과병원, 속초 신호드림치과 등 총 3개 병원
 다. 접수기간 : 2023년 6월 26일(월) 까지
 라. 신청방법 : 직접방문  (노원구 상계로7길 39, 한올빌딩 2층)
                  전화 접수 및 문의 (02-930-8212    노원장애인자립생활센터)",http://www.nowonilc.or.kr/bbs/board.php?bo_table=51&wr_id=1482,http://www.nowonilc.or.kr/bbs/board.php?bo_table=51&wr_id=1482,[]
14,14,노원장애인자립생활센터어울림,"['서울시', '노원구']",,전체,발달장애인 공예 프로그램 참여자 모집 안내<마감>,2023-05-08 17:59:00,"가. 모집대상: 공예 활동에 관심있는 장애인
나. 모집기간: 2023. 5. 8.(월)~2023. 5. 12.(금)
다. 진행내용: 목공, 가죽, 한지 등 다양한 공예 활동
라. 진행기간: 2023. 6. 13.(화)~2023. 10. 31.(화) (격주 화요일 월 2회, 총 10회기)
마.  진행장소: 노원어울림센터 교육실
바. 신청방법: 신청서 작성 후 이메일 접수(rkskek0202@naver.com)
사.  문      의: 02-930-8212 (박성희 자립생활팀장)",http://www.nowonilc.or.kr/bbs/board.php?bo_table=51&wr_id=1054,http://www.nowonilc.or.kr/bbs/board.php?bo_table=51&wr_id=1054,['http://www.nowonilc.or.kr/data/file/51/thumb-2038552338_hp5WEPCN_330d1d035ce8cf62c6568aaa01e3e5fa58bb3e55_750x750.png']
15,15,노원장애인자립생활센터어울림,"['서울시', '노원구']",,전체,'집단자립생활지원' 프로그램 참여자 모집<마감>,2023-04-18 14:31:00,"가. 모집대상: 다양한 체험활동을 통해 자립생활 능력을 기르고 싶은 성인 발달 장애인 6명(선착순)
  나. 모집기간: 2023. 4. 17.(월) ~ 2023. 5. 12.(금)
  다. 진행기간: 2023. 5. ~ 7. 매주 수요일 14:00~16:00(주 1회, 총 10회기)
  라. 진행장소: 노원어울림센터 및 노원구 지역사회시설
  마. 진행내용: 참여자가 직접 활동내용을 정하여 다양한 지역사회 활동을 진행 (목공예, 볼링, 등)
  바. 신청방법: 홈페이지 공지사항에서 신청서 작성 후 이메일 접수 (curbe321@naver.com)
  사. 문    의: 02-930-8212 (김종훈 사회복지사)",http://www.nowonilc.or.kr/bbs/board.php?bo_table=51&wr_id=1053,http://www.nowonilc.or.kr/bbs/board.php?bo_table=51&wr_id=1053,['http://www.nowonilc.or.kr/data/file/51/thumb-2038552338_E5OBHLXg_7eb262a697324bb9c3586c9d5cf3cc71813973e8_750x1060.png']
16,16,노원장애인자립생활센터어울림,"['서울시', '노원구']",,전체,"2023 동료상담사 양성과정(기초, 심화) 프로그램 참여자 모집<마감>",2023-04-12 17:50:00,"가. 모집대상: 동료상담에 관심 있는 장애인
  나. 모집기간: 2023년 4월 10(월) ~ 2023년 4월 23일(일)
  다. 진행장소: 노원장애인자립생활센터어울림 교육실
  라. 진행기간:
    1) 기초과정 : 2023년 5월 2일(화) ~ 4일(목)
    2) 심화과정 : 2023년 5월 29일(월) ~ 31일(수)
        ※ 비숙박으로 진행되며 자세한 일정은 계획서 참고
  마. 진행내용: 동료상담의 이해, 동료상담 기법, 역할극 등 동료상담의 기초, 심화 교육 진행
  바. 신청방법: 홈페이지에서 신청서 및 개인정보 동의서 작성 후 제출
    1) 이메일접수 :  psh4130@nate.com
    2) 방문접수 : 노원구 상계로7길 39 한올빌딩 2층 
    3) 팩스 및 전화접수 : 02-936-8212 / 070-7706-9791 박수호 동료상담사",http://www.nowonilc.or.kr/bbs/board.php?bo_table=51&wr_id=1049,http://www.nowonilc.or.kr/bbs/board.php?bo_table=51&wr_id=1049,['http://www.nowonilc.or.kr/data/file/51/thumb-2038552338_Whw6qucX_b197a30d124ac95993166ce44ec254dc45f7c886_750x1125.png']
17,17,노원장애인자립생활센터어울림,"['서울시', '노원구']",,전체,장애인 건강주치의 시범사업,2023-04-08 17:10:00,"장애인 건강주치의 시범사업

서울지역장애인보건의료센터

명      칭 :  서울북부지역장애인 보건의료센터
소  재  지 :  은평구
운영 기관 :  서울재활병원 :
홈페이지  :  http://www.seoulnhc.com/
대표번호  :  02-6020-3128

명      칭 :  서울남부지역장애인 보건의료센터 
소  재  지 :  동작구
운영 기관 :  보라매병원
홈페이지  :  https://www.ssrhmc.org/main/main.html
대표번호  :  02-870-2071",http://www.nowonilc.or.kr/bbs/board.php?bo_table=51&wr_id=1048,http://www.nowonilc.or.kr/bbs/board.php?bo_table=51&wr_id=1048,['http://www.nowonilc.or.kr/data/file/51/2038552338_OvJjKRsl_c0ac6568688f07d694c0d09fa55e8cbf047c31b5.png']
18,18,노원장애인자립생활센터어울림,"['서울시', '노원구']",,전체,2023 자조모임 활성화 지원사업 선정 안내,2023-04-04 11:26:00,"2023 서울시장애인자립생활지원사업의 일환인 '자조모임활성화를 위한 지원사업'에 선정된 자조모임을 안내드립니다.

  1. 선정 모임
    1) 배워서 남주자 자조모임 / 최*경 (1749)
    2) 나도 성우다 자조모임 / 신청자 : 한*름 (1587)
    3) 모아모아 자조모임 / 신청자: 박*현 (9577)
    4) 공부모임(べんきょう あつまり) 자조모임 / 신청자: 김*우 (1759)

2023년 자조모임 활성화 지원사업에 관심가져 주시고 많은 신청해주셔서 감사드립니다~
항상 건강하시고 매일매일 아름답고 행복하세요~^^",http://www.nowonilc.or.kr/bbs/board.php?bo_table=51&wr_id=1046,http://www.nowonilc.or.kr/bbs/board.php?bo_table=51&wr_id=1046,[]
19,19,노원장애인자립생활센터어울림,"['서울시', '노원구']",,전체,2022 기부금 모금액 및 활용실적 명세서,2023-03-31 16:25:00,"소득세법 시행령 제80조에 의거해 2021 기부금 모금액 및 활용실적을 공개하오니 첨부 파일을 참고하여 주시기 바랍니다.

아울러 저희 노원장애인자립생활센터어울림과 항상 함께하여 주시고 많은 관심을 주셔서 정말 감사합니다.
앞으로도 더욱 장애계를 위해 힘쓰고 지역사회 어울림을 위해 노력하겠습니다.

-2022년 정기 후원자 명단 -
김*남, 김*용, 김*경, 신*년, 신*열, 이*섭, 이*섭, 이*곤, 이*윤, 임*희, 정*영, 차*기, 노*경, 조*수, 안*환, 임*아, 이*지, 황*재, 김*연, 박*민, 이*옥, 김*경",http://www.nowonilc.or.kr/bbs/board.php?bo_table=51&wr_id=1045,http://www.nowonilc.or.kr/bbs/board.php?bo_table=51&wr_id=1045,[]
20,20,노원장애인자립생활센터어울림,"['서울시', '노원구']",,전체,노원장애인자립생활센터어울림 사회복지사 채용 공고<마감>,2023-03-30 11:00:00,"우리 센터는 「서울시중증장애인자립생활지원사업」의 사업 담당 사회복지사 1명을 모집하고자 하오니 역량있는 분들의 많은 지원바랍니다.

[모집정보]
  - 모집대상 : 사회복지사(신입 또는 경력) 1명
  - 모집기간 : 2023. 3. 30.(목) ~ 2023. 4. 7.(금)
  - 근무지역 : 노원장애인자립생활센터어울림(노원구 상계로7길 39, 2층)
  - 근무형태 : 정규직
  - 면접예정일 : 2023. 4. 11.(화) ~ 14.(금) [예정]
  - 채용예정일 : 2023. 4. 17.(월)[조율가능]

[주요내용]
1. 지원자격
  가. 사회복지사(1급, 2급) 자격증 소지자
  나. 학력 및 전공, 경력, 나이, 성별 무관
  다. 사회복지사업법에 따라 사회복지시설 종사자 결격사유에 해당하지 않는자 
  라. 사회복지 경력 3년 이상자(팀장 지원에 한함)

2. 우대조건
  가. 컴퓨터 활용 능숙자
  나. 운전면허 자격증 소지자 및 실제 운전 가능자
  다. 장애인
  라. 장애인 관련 사회복지 경력자

3. 근무조건
  가. 근무형태 : 주5일(월~금), 09:00~18:00, 주 40시간
  나. 급여 : 서울시 사회복지사 인건비 가이드라인 적용
  다. 복리후생: 명절상여금, 장기 근속 휴가, 교육비 지원, 연차 휴가, 4대 보험 가입, 중식비

4. 서류전형 제출서류
  가. 입사지원서(지정양식) 1부
  나. 개인정보수집ㆍ이용 동의서(지정양식) 1부
  다. 최종합격자에 한해 추가서류 제출

5. 전형방법
  가. 1차 : 서류전형(합격자에 한하여 개별 통보)
  나. 2차 : 면접(서류전형 합격자에 한하여 일정 개별 통보)

6. 전형 일정
  가. 서류 접수: 2023. 3. 30.(목) ~  4. 7.(금) 24:00 까지 접수분에 한함
  나. 서류 합격자 발표: 2023. 4. 10. (월)
  다. 면접일자: 2023. 4. 11. (화) ~ 14. (금) [예정]
  라. 최종 합격자 발표: 채용 확정 시 개별 통보 및 공고
  마. 채용 확정 및 근무 시작: 채용 확정 후 결정

7. 기타
  가. 서류전형 및 면접전형, 최종 합격자 발표는 개별 통보해드립니다.
  나. 제출된 서류에 허위사실이 있는 경우 합격이 취소될 수 있습니다.
  다. 범죄 및 성폭력범죄 경력 조회 시 결격사유가 있는 경우 합격 및 고용이 취소될 수 있습니다.
  라. 제출된 서류는 일체 반환하지 않습니다.
  마. 적격자가 없는 경우 최종 합격자가 없을 수 있습니다.
  바. 문의: 주련 실장 (070-7791-3120 / joolyeon@hanmail.net)  끝.",http://www.nowonilc.or.kr/bbs/board.php?bo_table=51&wr_id=1044,http://www.nowonilc.or.kr/bbs/board.php?bo_table=51&wr_id=1044,[]
21,21,노원장애인자립생활센터어울림,"['서울시', '노원구']",,전체,노원장애인자립생활센터어울림 사회복지사 채용 공고<마감>,2023-03-07 13:31:00,"우리 센터는 「서울시중증장애인자립생활지원사업」의 사업 담당 사회복지사 1명을 모집하고자 하오니 역량있는 분들의 많은 지원바랍니다.

○모집인원: 사회복지사 1명
  - 장애인 복지 사업(동료상담 및 권익옹호, 기타 장애인복지)
  - 회계 및 기타 행정 업무

○자격요건
  - 사회복지사 자격증 소지자
  - 학력 및 전공, 경력, 나이, 성별 무관
  - 사회복지사업법에 따라 사회복지시설 종사자 결격사유에 해당하지 않는자

○우대조건
  - 컴퓨터 활용 능숙자
  - 운전면허 자격증 소지자 및 실제 운전 가능자
  - 장애인
  - 장애인 관련 사회복지 경력자

○서류 접수기간 : 2023. 3. 7.(화) ~ 3. 16.(목) 24:00 도착분까지
 
세부 사항은 첨부된 공고문을 확인하여 주시기 바랍니다.",http://www.nowonilc.or.kr/bbs/board.php?bo_table=51&wr_id=821,http://www.nowonilc.or.kr/bbs/board.php?bo_table=51&wr_id=821,[]
22,22,노원장애인자립생활센터어울림,"['서울시', '노원구']",,전체,노원장애인자립생활센터어울림 사회복지사(팀장) 채용 공고<마감>,2023-03-03 11:23:00,"우리 센터는 「서울시중증장애인자립생활지원사업」의 사업 담당 사회복지사(팀장) 1명을 모집하고자 하오니 역량있는 분들의 많은 지원바랍니다.

○모집인원: 사회복지사(권익옹호팀 팀장) 1명
  - 장애인 복지 사업(권익옹호)
  - 센터 공통 업무
  - 기타 사무행정

○자격요건
  - 사회복지시설 경력 3년 이상자(장애인 복지 분야 경력자 우대)
  - 사회복지사 자격증 소지자
  - 학력 및 전공, 경력, 나이, 성별 무관
  - 사회복지사업법에 따라 사회복지시설 종사자 결격사유에 해당하지 않는자

○우대조건
  - 컴퓨터 활용 능숙자
  - 운전면허 자격증 소지자 및 실제 운전 가능자
  - 장애인

○서류 접수기간 :2023. 3. 3.(금) ~ 3. 16. (목) [14일 간]
 
세부 사항은 첨부된 공고문을 확인하여 주시기 바랍니다.",http://www.nowonilc.or.kr/bbs/board.php?bo_table=51&wr_id=820,http://www.nowonilc.or.kr/bbs/board.php?bo_table=51&wr_id=820,[]
23,23,노원장애인자립생활센터어울림,"['서울시', '노원구']",,전체,2023년 하지메마시떼 프로그램 참여자 모집<마감>,2023-03-03 09:28:00,"노원장애인자립생활센터어울림에서는 일본어 교육에 관심있는 장애인을 대상으로 일본어 회화, 문법, 일본어능력시험 대비 등의 '하지메마시떼'
프로그램 참여자를 모집하오니 많은 신청바랍니다. 

○모집대상: 일본어 교육에 관심있는 장애인
○모집기간: 2023년 3월 2일~3월 10일
○선정기준:
  1) 일본어 수업에 성실히 참여할 수 있는 자
  2) 일본어능력시험(JLPT) 응시 가능자
○선정발표: 2023년 3월 13일
○진행기간: 2023년 3월 24일~12월 8일, 매주 금요일(14:00~16:00)
○진행장소: 노원어울림센터 교육실
○진행내용: 중급 난이도의 일본어 회화 및 문법, 일본어능력시험 대비
○문      의: 02-930-8212 (박성희 자립생활팀장)",http://www.nowonilc.or.kr/bbs/board.php?bo_table=51&wr_id=819,http://www.nowonilc.or.kr/bbs/board.php?bo_table=51&wr_id=819,['http://www.nowonilc.or.kr/data/file/51/thumb-2038552338_XI0KWuka_753b78102d54e6cd060d5f58030636aabd0f0d7b_750x1061.png']
24,24,노원장애인자립생활센터어울림,"['서울시', '노원구']",,전체,'2023 자조모임 활성화 지원사업' 프로그램 참여자(모임)을 모집합니다<마감>,2023-03-02 18:25:00,"노원장애인자립생활센터어울림에서는 '2023 자조모임 활성화 지원사업' 프로그램 참여자(모임)을 모집하고자 합니다.
친구 또는 동료 장애인들과 공통의 주제로  자조모임을 하고싶거나  희망하는 참여자(모임)에게 분들의 많은 관심과 신청 바랍니다~

가. 신청대상 : 자조모임에 관심있는 장애인 또는 장애인모임 (최소 4명 이상 구성)
나. 신청기간 : 수시모집(지원 정원 마감시까지) // 최대 4팀
다. 신청방법 : 홈페이지(www.nowonilc.or.kr)에서 신청서를 다운로드 받아 작성 후 메일(allium0703@naver.com) 또는 방문(노원구 상계로7길 39 한울빌딩 2층) 제출
라. 지원내용 : 모임당 최대 100만원 지원 (신청서 서식의 모임 신청 시 주의사항 참고)
마. 모임내용 : 예술/문화, 견학/체험, 인식개선/교육 등의 자유 주제의 자조모임 (단, 종교나 정치, 특수한 목적의 친목 활동은 모임 불가)
바. 활동기간 : 4월부터 12월까지 (단, 최소 6개월 6회 이상 활동)
사. 제출서류 : 신청서, 참여자 명단, 복지카드, 개인정보 제공 동의서 각 1부
아. 기      타 : 자조모임 활동을 제외한 오리엔테이션, 중간평가, 최종평가 참여 필수
자. 문      의 : 02-930-8212 / 070-8822-3430 (박희주 간사)",http://www.nowonilc.or.kr/bbs/board.php?bo_table=51&wr_id=818,http://www.nowonilc.or.kr/bbs/board.php?bo_table=51&wr_id=818,['http://www.nowonilc.or.kr/data/file/51/thumb-2038552338_kZhBE3Yr_9610abb213b957e688fe282bb4fe2064b0689d6b_750x1061.png']
25,25,노원장애인자립생활센터어울림,"['서울시', '노원구']",,전체,2023년'찾아라 편의시설' 참여자 모집,2023-02-28 21:39:00,"노원장애인자립생활센터어울림에서는 2023년 서울시장애인자립생활지원사업의 일환으로 장애인 편의시설에 관심이 많은 대상으로 '찾아라 편의시설' 참여자를 모집합니다.
○ 모집 대상: 편의시설에 관심이 많은 장애인
○ 활동 기간: 2023년 4월~11월
○ 활동 내용
  - 노원구내 장애인 편의시설 조사활동 (소정의 활동비가 지급됩니다)
  - 월 1회 조사활동 공유 및 토의 진행
○ 선정 기준
  - 편의시설에 관심있는 장애인
  - 노원구 내 및 인근 거주자
  - 정원시 마감
○ 신청 방법
  - 홈페이지에서 신청서 및 개인정보 동의서 작성 후 이메일 or 팩스 제출 /  방문접수 / 전화 
  - 홈페이지     http://www.nowonilc.or.kr/          
  - E - mail       psh4130@nate.com
  - FAX           02-936-8212
  - 전화          070-7706-9791 / 02-930-8212  박수호",http://www.nowonilc.or.kr/bbs/board.php?bo_table=51&wr_id=817,http://www.nowonilc.or.kr/bbs/board.php?bo_table=51&wr_id=817,['http://www.nowonilc.or.kr/data/file/51/2038552338_2rmlSejq_ca46d16513dd3f4f289e2be987654ce5cd18b395.png']
26,26,노원장애인자립생활센터어울림,"['서울시', '노원구']",,전체,2023년 '권익옹호 활동단'참여자를 모집합니다.<마감>,2023-02-21 18:08:00,"2023년 서울시장애인자립생활세넡 지원사업의 일환으로 '2023 권익옹호 활동단'에 참여할 참여자를 모집하고자 합니다.
장애인의 권익옹호에 관심있는 분들의 많은 관심과 참여 부탁드립니다.

  가. 사 업 명 : 지역장애인 권익증진을 위한 ‘권익옹호 활동단’
  나. 지원자격 : 권익옹호에 관심있는 장애인 5명(노원구 거주 장애인 우선)
  다. 지원기간 : 2023년 2월 6일 ~ 3월 17일
  라. 진행기간 : 2023년 4월 ~ 11월 (월 2회씩 진행)
  마. 지원방법 : 홈페이지에서 신청서 작성 후 이메일(nhgnhk@hanmail.net) 또는 팩스(02-936-8212) 혹은 전화(방문)를 통한 신청서 제출
  바. 진행장소 : 노원장애인자립생활센터어울림 및 지역사회
  사. 진행내용
    - 장애관련 유튜브 컨텐츠 제작
    - 장애인정책 모니터링과 제안
    - 인식개선 캠페인 활동
  아. 문    의 : 070-7791-3450 (나한규 대리)",http://www.nowonilc.or.kr/bbs/board.php?bo_table=51&wr_id=815&page=2,http://www.nowonilc.or.kr/bbs/board.php?bo_table=51&wr_id=815&page=2,['http://www.nowonilc.or.kr/data/file/51/thumb-2038552338_pGRdkM6W_bc3286033e7fd15cb58ec77ebb715a8f162f6d8c_750x1065.jpg']
27,27,노원장애인자립생활센터어울림,"['서울시', '노원구']",,전체,2023년 노원장애인자립생활센터어울림 정기총회 결과 보고,2023-02-20 18:09:00,"2023년 노원장애인자립생활센터어울림 정기총회 결과보고

비영리민간단체인 노원장애인자립생활센터어울림은 지난 1월 27일 회원분들을 모시고
대면 정기총회를 진행하고 그 결과를 아래와 같이 보고합니다.

1. 진행일시: 2023. 1. 27.(금) 17:00~18:00
2. 진행장소: 비엔티컨벤션(서울 노원구 섬밭로 258 6층)
3. 회의내용: 2023년 노원장애인자립생활센터어울림 보고·의결안건 심의
4. 성원보고: 회원 108명 중 67명 참석, 20명 위임으로 과반 이상 참석
5. 회의결과
  가) 보고안건
    제1호 2022년 사업 및 회계 감사 결과 보고 건
  나) 의결안건
    제1호 2022년 사업 실적 및 세입·세출 결산(안) 관한 사항
    →원안 통과
    제2호 2023년 사업계획 및 예산(안) 관한 사항
    →원안 통과
    제3호 노원장애인자립생활센터어울림 센터장 선출의 관한 사항
    →원안 통과(센터장 당선: 이성수)
   
바쁘신 와중에도 2023년 노원장애인자립생활센터어울림 정기총회에 참석해주신 회원 여러분들께 감사의 말씀드립니다.
총회 결과 및 개진해주신 의견을 센터 운영에 적극 반영하여 당사자 및 회원분들 중심의 노원어울림센터가 되도록 노력하겠습니다.
2023년에도 행복한 한해되시기 바랍니다.",http://www.nowonilc.or.kr/bbs/board.php?bo_table=51&wr_id=814&page=2,http://www.nowonilc.or.kr/bbs/board.php?bo_table=51&wr_id=814&page=2,[]
28,28,노원장애인자립생활센터어울림,"['서울시', '노원구']",,전체,노원장애인자립생활센터어울림 2022년 결산 및 2023년 예산공고,2023-02-20 18:03:00,"노원장애인자립생활센터어울림 2022년 결산서 및 2023년 예산서 공고

1. 공고기간: 2023. 2. 20. ~ (20일 이상)

2. 공고내역
  - 2022년도 결산(센터총괄 및 계정 예산별)
  - 2023년도 예산(센터총괄 및 계정 예산별)

3. 공고장소: 우리 센터 홈페이지

4. 공고근거: 사회복지시설 재무회계규칙",http://www.nowonilc.or.kr/bbs/board.php?bo_table=51&wr_id=813&page=2,http://www.nowonilc.or.kr/bbs/board.php?bo_table=51&wr_id=813&page=2,[]
29,29,노원장애인자립생활센터어울림,"['서울시', '노원구']",,전체,2023년 스포츠라이트 참여자 모집<마감>,2023-02-20 10:27:00,"2023년 서울시장애인자립생활지원센터 지원사업의 일환으로 스포츠라이트 자조모임에서 참여자를 모집하고자 합니다.
스포츠 경기장을 방문하거나 함께 경기를 보는 것을 좋아하시는 분들의 많은 관심과 참여 바랍니다.

○신청대상: 스포츠 관람(야구, 농구 등)을 좋아하는 장애인 5명
              노원구 거주자
○신청기간: 2023. 2. 6. ~ 2023. 2. 24.
○진행내용: 스포츠 경기장 방문 및 경기 관람
○진행장소: 서울(근교) 스포츠 경기장, 노원어울림센터
○진행기간: 2023. 3. ~ 2023. 12.
○신청방법: 신청서 작성 후 이메일 제출(psh4130@nate.com) / 방문접수 / 전화
○문      의: 02-930-8212 / 070-7706-9791(동료상담가 박수호)",http://www.nowonilc.or.kr/bbs/board.php?bo_table=51&wr_id=812&page=2,http://www.nowonilc.or.kr/bbs/board.php?bo_table=51&wr_id=812&page=2,['http://www.nowonilc.or.kr/data/file/51/thumb-2038552338_R1hZCOjU_ff26b6d1db230eefa96139f7fc110c1b78a86dc3_750x1125.png']
30,30,노원장애인자립생활센터어울림,"['서울시', '노원구']",,전체,2023년 노원장애인자립생활센터어울림 활동가 모집<마감>,2023-02-13 16:20:00,"1. 2023년 노원장애인자립생활센터어울림 센터 활동가를 모집하고자 하오니 재가하여주시기 바랍니다.

1. 모집기간: 2023년 2월 13일(월) ~ 2월 24일(금) 18:00시 까지[접수분에 한함]
2. 모집인원: 2명
3. 활동기간:2023년도 사업 종료시까지(~2023. 12. 29)
4. 활동내용
  - 센터 내 진행 사업 및 프로그램 진행 보조 및 참여
  - 장애인 당사자 권익옹호 활동 및 센터 홍보
  - 노원구내 편의시설 모니터링
5. 활동혜택
  - 센터 내 진행 사업 및 프로그램 우선 참여권 부여
  - 매월 소정의 활동비 지급
6. 신청자격: 장애인복지법상 등록장애인(노원구 거주자 우대)
7. 신청방법
 - 방문제출 : 노원구 상계로7길 39, 한올빌딩 2층
 - 팩스접수 : 02-936-8212
 - E-mail접수 : joolyeon@hanmail.net
8. 접수서류
  - 신청서, 복지카드 사본  각 1부

문의 주련 실장(070-7791-3120)",http://www.nowonilc.or.kr/bbs/board.php?bo_table=51&wr_id=808&page=2,http://www.nowonilc.or.kr/bbs/board.php?bo_table=51&wr_id=808&page=2,[]
31,31,노원장애인자립생활센터어울림,"['서울시', '노원구']",,전체,2023년 '어울림' 장애인 기자단 참여자 모집 안내<마감>,2023-02-13 15:08:00,"<'어울림' 장애인 기자단 참여자 모집>
노원장애인자립생활센터어울림에서는 2023년 서울시장애인자립생활지원사업의 일환으로 취재 및 기사 작성이 가능한 장애인을 대상으로 '어울림' 장애인 기자단 참여자를 모집합니다.
기자단에 관심있는 분들의 많은 신청바랍니다. 
○ 모집 대상: 취재 및 기사 작성이 가능한 장애인
○ 신청 기간: ~2023년 3월 10일까지
○ 진행 내용
  - 장애 관련 기관 조사 및 탐방
  - 장애인 당사자 인터뷰
  - 편의시설 취재
  - 기사 작성 및 지역사회 공유
○ 진행 기간: 2023년 3월~12월(월 1회 모임)
○ 진행 장소: 노원 어울림센터, 지역사회
○ 활동 혜택: 소정의 원고료 지급
○ 신청 방법
  - 전화 접수
  - 신청서 작성 후 이메일 접수(rkskek0202@naver.com)
○ 문      의: 02-930-8212(자립생활팀장 박성희)",http://www.nowonilc.or.kr/bbs/board.php?bo_table=51&wr_id=806&page=2,http://www.nowonilc.or.kr/bbs/board.php?bo_table=51&wr_id=806&page=2,['http://www.nowonilc.or.kr/data/file/51/thumb-2038552338_2cZYmGgX_bf112347c34d2691c15d6b754739fc390f06bd58_750x1061.png']
32,32,노원장애인자립생활센터어울림,"['서울시', '노원구']",,전체,2023 노원장애인자립생활센터어울림 중증장애인 인턴제 채용 공고(마감),2023-02-08 19:22:00,"[2023 서울시 중증장애인 인턴제 사업]의 일환으로
노원장애인자립생활센터어울림에서 중증장애인 인턴을 모집하오니 많은 참여바랍니다.

1. 채용예정분야 및 인원
  가. 채용인원: 1명
  나. 근 무 지 : 노원장애인자립생활센터 어울림(노원구 상계로7길 39, 한올빌딩 2층)
  다. 업무내용: 기획 및 회계부터 기관 기본사업, 선택사업, 특화사업 등 업무 지원 등
  라. 근무조건
    (1) 근무기간 : ‘23. 3. 6. (월) ~ 12.29. (금)
    (2) 근무시간 : 09:00~18:00 (1일 8시간) ※ 점심시간 : 12:00~13:00(1시간)
    (3) 급여조건 : 2,208,500원(세전, 기관부담금 포함) / 월21일 근무기준
    ※ 주차수당, 월차수당, 4대 보험료 포함
    ※ 근로자 실지급액(보험료 공제) : 2,023,260원/월임금은 근로자의 근무상황부에 따라 실제 근로한 일수를 계산하여 산정
    (4) 기 타 : 4대 보험(산업재해보상보험, 건강보험, 고용보험, 국민연금) 가입

2. 응시자격 및 제출서류
  가. 응시자격 : 다음 각 호의 기준을 모두 갖춘 사람에 한 함
    (1) 만18세 이상의 서울시 거주 중증장애인 ※ 중증장애인 : 장애인복지법상 장애정도가 심한 장애인
    (2) 복지관, 장애인자립생활센터 또는 장애인단체에서 상근직으로 근무한 경험이 없는 사람
※ 서울시 중증장애인 인턴제 및 국가·지자체 등에서 진행한 인턴 및 일자리 사업으로 근무하였지만 정규직으로 임용되지 않은 자는 1회에 한하여 지원 가능
  나. 제출서류
    (1) 응시원서(별지 제1호서식) 1부.
    (2) 장애인등록증 사본(앞, 뒷면) 1부
    (3) 최종학교 졸업증명서 1부
    (4) 건강보험득실확인서 1부, 경력증명서 각 1부(해당자에 한함)
    (5) 자격증 사본(해당자에 한함)
    (6) 자기소개서 1부
    (7) 개인정보 수집 및 활용 동의서 1부
※ 모든 서류는 공고일 이후 발행분이 원칙이나, 공고일 이전의 서류인 경우 법에서 정한 유효기간 (증명서에 유효기간이 기재된 것만 인정) 내의 서류인 경우 증빙인정

3. 채용일정
  가. 인턴 신청 및 접수 : 2. 9.(목) ~ 2. 22.(수) / 근무 희망 기관
  나. 면접심사          : 2. 23.(목) ~ 2. 24.(금)
  다. 합격자발표        : 3. 2. (화) 예정 / 서울시청 고시 및 공고 확인
  라. 인턴근무          : 3. 6.(월) ~ 12. 29.(금)

4. 응시자 유의사항
  가. 면접시험 시 본인확인이 가능한 신분증(주민등록증, 운전면허증 등)을 필히 지참하여야 하며, 이를 확인할 수 없을 시에는 응시할 수 없습니다.
  나. 접수된 서류는 반환하지 아니하며, 제출된 서류에 기재된 사항이 사실과 다를 경우 합격 결정을 취소할 수 있습니다.
  다. 구비서류의 기재착오, 누락으로 연락불능 등의 사유가 발생하여 생기는 불이익은 응시자의 책임으로 합니다.
  라. 신원조회 부적격, 채용계약 포기, 채용 후 즉시퇴직 등의 사유로 결원이 발생할 경우에 대비하여 면접시험 순위에 따라 2명 이내로 예비합격자를 관리하고, 결원발생시 성적순에 따라 합격자를 결정하거나 추가 모집을 할 수 있습니다.
  마. 기초생활보장수급자의 경우 인턴근무로 인해 근로소득이 발생하여 기초생활보장수급 자격이 중지될 수 있습니다.
  바. 서울시 중증장애인 인턴제 및 국가·지자체 등에서 진행한 인턴 및 일자리 사업으로 근무하였지만 정규직으로 임용되지 않은 자는 1회에 한하여 지원 가능

5. 응시원서 교부 및 접수
  가. 접수기간 : 2023. 2. 9.(목) ~ 2. 22.(수) <토.일제외>
  나. 신청양식 : 붙임양식
  다. 접수방법 : 직접방문(노원구 상계로7길 39, 한올빌딩 2층) 또는 이메일 접수(joolyeon@hanmail.net)
  ※이메일 접수시 전송 후 접수 확인 전화바랍니다.

문의: 주련 실장(070-7791-3120)",http://www.nowonilc.or.kr/bbs/board.php?bo_table=51&wr_id=803&page=2,http://www.nowonilc.or.kr/bbs/board.php?bo_table=51&wr_id=803&page=2,[]
33,33,노원장애인자립생활센터어울림,"['서울시', '노원구']",,전체,노원장애인자립생활센터어울림 제5대 센터장 입후보 접수 및 선거일자 공고 <마감>,2023-01-11 15:49:00,"노원장애인자립생활센터 어울림 센터장 선거 공고문

비영리민간단체 노원장애인자립생활센터어울림은 본 센터 정관 제3장 제10조 2항에 의거하여 센터장 입후보 접수 공고 및 선거일자 아래와 같이 공고합니다.

1. 선거일시 : 2023. 1. 27.(금) 17:00 ~ 18:00
2. 선거장소 : 건영백화점 6층(서울 노원구 섬밭로 258)
3. 선거권자 : 정관 제2장 제5조에 해당하는 자
4. 입후보자(피선거권자) 자격요건 : 정관 제2장 제5조 2항에 해당하는 회원
5. 후보자 등록기간 : 2023. 1. 11.(수) ~ 18. (수) 09:00 ~ 18:00
6. 후보자 등록 장소 : 본센터 사무처(서울시 노원구 상계로7길 39, 한올빌딩 2층)
7. 구비서류
  가. 후보자 등록 신청서 1부.
  나. 이력서(사진부착) 1부.
  다. 복지카드 또는 이를 대신할 증빙자료(장애인증명서 등) 1부.
8. 선거 문의: 070-7791-3120, 주련 총괄팀장

2022. 1. 11.

노원장애인자립생활센터어울림",http://www.nowonilc.or.kr/bbs/board.php?bo_table=51&wr_id=797&page=2,http://www.nowonilc.or.kr/bbs/board.php?bo_table=51&wr_id=797&page=2,[]
34,34,노원장애인자립생활센터어울림,"['서울시', '노원구']",,전체,2023년 노원장애인자립생활센터 어울림 정기총회 개최,2023-01-11 15:49:00,"2023년 노원장애인자립생활센터 어울림 정기총회를 개최합니다.
회원분들의 많은 관심과 참여 바랍니다.
     
  가. 개최내용 : 2022년 노원장애인자립생활센터어울림 정기총회
  나. 개최일자 : 2023. 1. 17.(금) 17:00
  다. 개최장소 : 비엔티(BNT)컨벤션 웨딩(하계역 6번 출구에서 도보 10분 건영옴니백화점 6층, 02-978-9000)
  마. 총회안건
    1) 보고안건
      가)제1호 2022년도 사업·회계감사 결과 보고
      나)제2호 노원장애인자립생활센터어울림 임원진 보고
      다)제3호 노원장애인자립생활센터어울림 운영 규정 변경 보고
    2) 의결안건
      가)제1호 2022년 사업 실적 및 세입·세출 결산(안) 관한 사항
      나)제2호 2023년 사업계획 및 예산(안) 관한 사항
      다)제3호 노원장애인자립생활센터어울림 센터장 선출의 관한 사항
  라. 위임장 제출기한: 2023. 1. 27.(금) 18:00까지
    1)제출처: 노원장애인자립생활센터어울림
    2)제출방법:방문(노원구 상계로7길 39, 2층), 이메일(hno1il@hanmail.net), 팩스(02-936-8212)
  마. 문의: 주련 실장(02-930-8212/ 직통번호 070-7791-3120)",http://www.nowonilc.or.kr/bbs/board.php?bo_table=51&wr_id=798&page=2,http://www.nowonilc.or.kr/bbs/board.php?bo_table=51&wr_id=798&page=2,[]
35,35,노원장애인자립생활센터어울림,"['서울시', '노원구']",,전체,2023년 신규 채용 확정 공고,2023-01-03 11:36:00,"<<2023년 노원장애인자립생활센터어울림 서울시장애인자립생활지원사업 전담인력 채용 결과 >>

 □ 성  명: 박*주(9**8), 나*규(9**1) 
 □ 담당업무: 서울시 장애인자립생활지원사업
 □ 근무 시작일:
    ◦ 박*주: 2023. 1. 3.(화)
    ◦ 나*규: 2023. 1. 5.(목)


** 신규 채용에 지원해주신 모든분들에게 무한한 감사를 드립니다.
제한된 인원으로 함께하진 못하지만 지원자분 모두 원하는곳에 가실수 있길 기원합니다.",http://www.nowonilc.or.kr/bbs/board.php?bo_table=51&wr_id=796&page=2,http://www.nowonilc.or.kr/bbs/board.php?bo_table=51&wr_id=796&page=2,[]
,Unnamed: 0,site,region,category,disability_type,title,date,content,original_link,content_link,image
0,0,노원장애인자립생활센터어울림,"['서울시', '노원구']",,전체,8~9월 사회복지사 실습생 모집(2인),2023-08-18 17:35:00,"노원장애인자립생활센터 어울림은 중증장애인의 자립생활 실현을 위해 동료상담, 권익옹호, 자립생활기술훈련 등 다양한 서비스를 제공하고 사회참여를 유도하여 주체적인 삶을 실현하도록 지원하고 있습니다. 저희 센터에서는 예비 사회복지사를 대상으로 사회복지영역의 현장실습을 실시하고자 합니다. 장애인 복지와 장애인의 자립생활에 관심이 있는 분들의 많은 관심 바랍니다.

○ 대    상 : 사회복지 전공자 (*장애인 우대)
○ 모집인원 : 2명
○ 실습기간 : 2023년 8월 29일 (화) ~ 9월 25일 (월) 9시~18시(1일 8시간) 20일간
○ 신청기간 : 2023년 8월 21일 (월) ~ 8월 25일 (금)
○ 신청방법 : 신청서, 개인정보동의서 작성 후 이메일 접수(lhslss@hanmail.net)
○ 선정발표 : 2023년 8월 25일 (금) 서류 심사 후 개별 통보
○ 실 습 비 : 10만원 (식대 별도)
○ 실습내용
    - 센터 오리엔테이션
    - 장애인 복지의 이해
    - 권익옹호 및 동료상담, 자립생활기술, 자립생활주택, 장애인 활동지원
    - 사회복지행정
    - 프로그램 기획과 실제
○ 문  의 : 이혜숙 02)930-8212

* 상기 일정은 센터의 사정에 의해 변경될 수 있습니다.",http://www.nowonilc.or.kr/bbs/board.php?bo_table=51&wr_id=2534,http://www.nowonilc.or.kr/bbs/board.php?bo_table=51&wr_id=2534,[]
1,1,노원장애인자립생활센터어울림,"['서울시', '노원구']",,전체,제1회 어울림 시낭송회 '시愛 향연' 공연 개최,2023-08-17 12:21:00,"노원장애인자립생활센터어울림에서 제1회 어울림 시낭송회 '시愛 향연' 공연을 진행합니다.
2023년 자조모임 활성화사업의 일환인 성우자조모임 「나도 성우다」는 5명의 장애인으로 구성된 성우자조모임으로 팟캐스터 활동, 목소리 재능기부, 라디오극 등의 비대면 공연을 이어 왔으며, 올해부터는 대면 공연을 통해 직접 소통하며, 재미있고 생동감 있는 공연을 진행 할 예정입니다.
지역사회 주민분들의 많은 관심과 사랑, 참여 부탁드립니다.

 1. 공  연  명: 제1회 어울림 시낭송회 '시愛 향연'
 2. 공연 일시: 2023.08.19(토) 14:30 ~ 15:30
 3. 공연 장소: 노원역 7호선 라인 역사 내 지하철 무대공간(3번 출구 근처)
 4. 입  장  료: 무료
 5. 공연 내용: ※포스터 참조
 6. 문      의: 02-930-8212 / 070-8822-3430(박희주 간사)",http://www.nowonilc.or.kr/bbs/board.php?bo_table=51&wr_id=2512,http://www.nowonilc.or.kr/bbs/board.php?bo_table=51&wr_id=2512,['http://www.nowonilc.or.kr/data/file/51/2038552338_ZRiS9yHd_75a50fa64d2504847d5f04c88fc289da1ad029c8.png']
2,2,노원장애인자립생활센터어울림,"['서울시', '노원구']",,전체,2023 발달장애인 인권강사 양성과정 참여자를 모집합니다~♡,2023-07-31 09:14:00,"노원장애인자립생활센터어울림에서는 '2023 발달장애인 인권강사 양성과정' 프로그램 참여자(모임)을 모집하고자 합니다.
인권강사 활동에 관심있는 분들의 많은 관심과 신청 바랍니다~


 가. 신청대상 : 인권강사에 관심있는 발달장애인 5명
 나. 신청기간 : 2023.07.28 (금) ~ 08.03 (목) 18:00까지
 다. 신청방법 : 홈페이지(www.nowonilc.or.kr)에서 신청서를 다운로드 받아 작성 후
                      메일(allium0703@naver.com) 또는 방문(노원구 상계로7길 39 한울빌딩 2층) 제출
라. 제출서류 : 신청서, 복지카드, 개인정보 제공동의서 각 1부
마. 교육내용 및 교육일정 : 안내문 참고
바. 문      의 : 02-930-8212 / 070-8822-3430 (박희주 간사)",http://www.nowonilc.or.kr/bbs/board.php?bo_table=51&wr_id=2326,http://www.nowonilc.or.kr/bbs/board.php?bo_table=51&wr_id=2326,['http://www.nowonilc.or.kr/data/file/51/thumb-2038552338_ofrcCbEg_c1f4ccc53a4a8ea543c33df5f0dfbc08025eafbd_750x1050.png']
3,3,노원장애인자립생활센터어울림,"['서울시', '노원구']",,전체,장애인 교통복지카드 전국호환 신청 안내,2023-04-14 17:31:00,장애인 교통복지카드 전국호환 많은 관심 바랍니다,http://www.nowonilc.or.kr/bbs/board.php?bo_table=51&wr_id=1052,http://www.nowonilc.or.kr/bbs/board.php?bo_table=51&wr_id=1052,"['http://www.nowonilc.or.kr/data/file/51/thumb-2038552338_NGDSxqXZ_362d164bf5c0fb2119a1be3f9f4ea4e5a68c5265_750x1030.png', 'http://www.nowonilc.or.kr/data/file/51/thumb-2038552338_1Kc4Nru7_e64f1e0868d5762a471d281d4e93bb59b209bc0e_750x1026.png']"
4,4,노원장애인자립생활센터어울림,"['서울시', '노원구']",,전체,2023년 문화여가 프로그램 '당일치기'의 참여자를 모집합니다.<모집중>,2023-02-21 18:29:00,"우리 센터는 2023년 서울시장애인자립생활센터 지원사업의 일환으로
장애인 당사자분의 자기주도적인 자립생활을 위한 당일치기 여행을 지원합니다.

일상속에 작은 변화와 행복을 찾을 장애인 당사자분들의 많은 관심과 신청 바랍니다. 

○ 사업명: 지가주도적인 자립생활을 위한 여행프로그램 ‘당일치기’
○ 신청대상: 장애인 및 가족(지인)
○ 신청기간: 2023년 4월 ~ 10월(예산소진시 마감)
○ 신청방법: 홈페이지>커뮤니티>공지사항>에서 신청서를 다운로드 받아 작성 후 제출
    - 이메일: joolyeon@hanmail.net 방문: 노원구 상계로7길 39, 2층 
      ※작성이 어려우시분은 유선 접수 가능합니다.
○ 일행일정: 2023년 4월 ~ 11월 중 자율 선택(주말제외)
○ 지원내용
    - 휠체어 및 스쿠터를 실을 수 있는 스타렉스(6인승, 휠체어 1대) 또는 솔라티(9인승, 비장애인 5명 / 수동 4대 또는 전동 2대 권장)
    - 문화 여가 활동비, 식사비 및 다과비
    - 운전 기사
○ 참고사항: 여행 후기 작성(초상권 허락 인물사진을 포함한 후기 / 필수)
      ※참여자님의 여행후기는 센터 사업 발전을 위해 20줄 이상 작성 부탁드립니다.
○ 문의사항: 02-930-8212/ 070-7791-3120(주련 실장)


※선정 후 기관 사정에 따라 여행 일정이 변경될 수 있습니다.",http://www.nowonilc.or.kr/bbs/board.php?bo_table=51&wr_id=816,http://www.nowonilc.or.kr/bbs/board.php?bo_table=51&wr_id=816,[]
5,5,노원장애인자립생활센터어울림,"['서울시', '노원구']",,전체,2023년 천상의 하모니 프로그램 참여자 모집,2023-02-13 15:56:00,"가. 사 업 명: 천상의 하모니
나. 대 상 자: 언어, 청각 장애가 없는 성인 남성 장애인
다. 모집분야: 베이스 1명(우선 선발), 테너 1명, 바리톤 1명
라. 모집기간: 상시 모집
마. 선정방식: 개별오디션 (자유곡 1곡)
바. 신청방법: 홈페이지에서 신청서 작성 후 이메일(curbe321@naver.com) 제출 또는 전화 접수
사. 진행일정: 2023년 3월~12월 (주 1회 수요일 18:30~21:30)
아. 진행내용:
  - 성악과 출신 전문강사를 통한 성악 교육 진행(발성, 발음 교정)
  - 중창곡 연습을 통한 다양한 경연대회 및 공연 참가
자. 문      의: 02-930-8212 (자립생활팀 김종훈)",http://www.nowonilc.or.kr/bbs/board.php?bo_table=51&wr_id=807,http://www.nowonilc.or.kr/bbs/board.php?bo_table=51&wr_id=807,['http://www.nowonilc.or.kr/data/file/51/thumb-2038552338_qj4wLg38_789fbdd9c0719b8ce03ce33bef4f652d3d30f82c_750x1060.jpg']
6,6,노원장애인자립생활센터어울림,"['서울시', '노원구']",,전체,'2023 동료상담 네트워크' 참여할 동료상담가를 모집합니다~♥,2023-02-09 17:06:00,"노원장애인자립생활센터어울림에서는 '2023 동료상담 네트워크'에 참여할 동료상담가를 모집하고자 합니다.
동료상담가로 활동하고 있거나 동료상담에 관심있는 분들의 많은 관심과 참여 부탁드립니다.

  가. 사 업 명 : ‘동료상담 네트워크’
  나. 지원자격 : 동료상담사로 활동하고 있는 동료상담가 또는 동료상담에 관심있는 장애인
  다. 정 원 수 : 10명
  라. 지원기간 : 상시 모집 (2023 사업기간 내) // 정원 초과 시 지원 마감
  마. 진행기간 : 2023년 3월~11월 (월 평균 1회 진행)
  바. 홈페이지(http://nowonilc.or.kr)에서 신청서 다운로드 후 작성하여 이메일(allium0703@naver.com) 제출 또는 전화상담를 통한 신청
  사. 진행장소 : 노원어울림센터 및 지역사회
  아. 진행내용
    - 동료삼담가의 소진 예방
    - 동료상담가들과의 교류회 및 사례공유
    - 동료사담가 역량강화 교육
  자. 문    의 : 070-8822-3430 (박희주)",http://www.nowonilc.or.kr/bbs/board.php?bo_table=51&wr_id=804,http://www.nowonilc.or.kr/bbs/board.php?bo_table=51&wr_id=804,['http://www.nowonilc.or.kr/data/file/51/thumb-2038552338_Otwgm9FS_24f268491a226b4431fa7a7494c7869ac15b92bd_750x1061.png']
7,7,노원장애인자립생활센터어울림,"['서울시', '노원구']",,전체,2023 노원장애인자립생활센터 어울림 사업안내,2023-02-08 09:20:00,2023 노원장애인자립생활센터 어울림 사업안내,http://www.nowonilc.or.kr/bbs/board.php?bo_table=51&wr_id=800,http://www.nowonilc.or.kr/bbs/board.php?bo_table=51&wr_id=800,"['http://www.nowonilc.or.kr/data/file/51/thumb-2038552338_fBnqsKW9_ab468a840e61c1f6dcff366f9c3c73c3434091a7_750x1061.png', 'http://www.nowonilc.or.kr/data/file/51/thumb-2038552338_s8JFdO6b_8de27f5e842d89cb797aa792fc1cd76a85abfee6_750x1061.png']"
8,8,노원장애인자립생활센터어울림,"['서울시', '노원구']",,전체,장애인 이동지원차량(특장차) 서비스 이용 안내,2023-01-30 13:32:00,"노원장애인자립생활센터어울림은 서울시장애인자립생활센터 지원사업의 일환으로 보행 및 스스로의 이동에 불편함을 가지고 있는 장애인들을 대상으로 원활한 사회활동을 할 수 있도록 무료로 이동지원을 하고 있습니다. 많은 이용 바랍니다.

1. 이용대상 : 보행상 장애 및 스스로 이동하는데 어려운 장애인(노원구 거주자 우선)
2. 탑승인원 :  휠체어 이용인 1명, 비휠체어 이용인 4인까지 탑승가능
                  ※ 휠체어 이용인 포함하여 5인까지 가능
3. 운행시간 : 평일 09:00 ~ 18:00
4. 이용료 : 무료(톨게이트 비용은 자부담)
5. 접수방법 : 상시접수(이용일의 최소 하루전까지 예약접수 바람)
    가. 온라인 예약 :  참여공간 → 이동지원 → 달력에서 예약신청
      ※ 예약 바로가기 → www.nowonilc.or.kr/bbs/board.php?bo_table=43
    나. 전화 예약 및 팩스 접수 : 전화 (070-7791-3450) 또는 팩스 접수 (02-936-8212)
    다. 이메일 접수 : 신청서를 다운받아 작성후  →  hno1il@hanmail.net    제출
6. 운행지역: 서울시전역 및 인근지역(안양, 과천, 성남, 하남, 구리, 남양주, 의정부, 고양, 포천)
          ※ 인천과 김포지역은 불가능하지만 인천공항, 김포공항에 한해 이동지원가능
7. 신청시 주의사항 :
  가. 주말 및 공휴일은 운행하지 않습니다.
  나. 톨게이트 비용은 자부담입니다.
  다. 많은 이용자들의 이용을 위하여 1명당 월 1회 최대 연 12회로 제한하고 있습니다.
  라. 왕복운행이 불가하니 이점 양해 바랍니다.
  마. 탑승시 신분증이나 복지카드를 지참해주세요.
  바. 예약접수시 평일 운행시간에 맞춰 주시길 바랍니다.
8. 문의전화: 주련 실장(070-7791-3120)",http://www.nowonilc.or.kr/bbs/board.php?bo_table=51&wr_id=799,http://www.nowonilc.or.kr/bbs/board.php?bo_table=51&wr_id=799,['http://www.nowonilc.or.kr/data/file/51/thumb-2038552338_1yD7eVaA_1c5d7acf38020fe63f86b152a01da46f8ba488f8_750x530.png']
9,9,노원장애인자립생활센터어울림,"['서울시', '노원구']",,전체,2023 2/4분기(2차) 노원장애인자립생활센터어울림 운영위원회 결과보고,2023-07-18 13:34:00,"2023 2/4분기(2차) 노원장애인자립생활센터어울림  운영위원회 결과보고

회의결과
○ 개최일시 : 2023년 7월 13일 (목) 19:00
○ 개최장소 : 노원장애인자립생활센터어울림 교육실
○ 성원보고 : 정원 7명 중 5명 참여,1명 위임
○ 참석위원 : 안교헌, 이성수, 고관철, 정은지, 전태만
○ 위임위원 : 임형찬
○ 보고안건
  · 제1호 2023년 공모사업 신청 사항
  · 제2호 기타 센터 운영에 관한 사항
○의결안건
  · 제1호 2023년도 상반기 사업 실적 및 상반기 결산(안) 심의  → 원안 통과
  · 제2호 제2호 2023년도 사업 계획 변경(안) 심의 건  → 원안 통과
  · 제3호 2023년도 추가 경정 예산(안)  → 원안 통과",http://www.nowonilc.or.kr/bbs/board.php?bo_table=51&wr_id=2236,http://www.nowonilc.or.kr/bbs/board.php?bo_table=51&wr_id=2236,[]
10,10,노원장애인자립생활센터어울림,"['서울시', '노원구']",,전체,2023 ［발달장애인지원자교육］참가자 모집<마감>,2023-07-12 10:02:00,"□ 교육일시: 2023.07.27(목) 10:00 ~ 12:00(2시간)
              2023.07.28(금) 10:00 ~ 12:00(2시간)
□ 신청기간: 2023.07.10(월) ~ 2023.07.21(12일간)
□ 교  육 비: 무료
□ 교육장소: 노원평생교육원 2층 대강당
□ 신청대상: 발달장애인 지원자 50명(선착순 마감)
□ 신청방법: ① 구글신청( https://forms.gle/2a6Wj5s5oyD6FJAB8 )
              ② 홈페이지에서 신청서 다운로드하여 작성 후 제출
                - 이메일 hno1il@hanmail.net
                - FAX 02-936-8212
□ 문의사항: 조신익 권익옹호팀 팀장 070-7791-3450",http://www.nowonilc.or.kr/bbs/board.php?bo_table=51&wr_id=1989,http://www.nowonilc.or.kr/bbs/board.php?bo_table=51&wr_id=1989,['http://www.nowonilc.or.kr/data/file/51/thumb-2038552338_81DAQEp2_6e1a3f5d0b61dcf46e92a3a575ded592b6f54034_750x1060.jpg']
11,11,노원장애인자립생활센터어울림,"['서울시', '노원구']",,전체,"(에이블뉴스)서울시 ‘장애인 버스 이용요금 지원’, 7월 중순 신청 가능",2023-06-28 09:23:00,"서울시 ‘장애인 버스 이용요금 지원’, 7월 중순 신청 가능
기자명권중훈 기자 입력 2023.06.26 13:23

서울시의 장애인 버스 이용요금 지원 사업 신청이 오는 7월 중순부터 가능할 전망이다.

서울시는 오는 27일 2023년 하반기 새롭게 시행되는 사업과 개관을 앞둔 공공시설에 대한 정보, 시민 생활과 관련해 달라지는 제도들을 이해하기 쉽게 담은 ‘2023 하반기 달라지는 서울생활’을 전자책(e-book)으로 발간한다.

‘2023 하반기 달라지는 서울생활’은 동행·매력 특별시로 구분해 9개 분야 총 32개 사업으로 구성됐다.

주요 내용을 살펴보면 먼저 서울시 거주 장애인의 버스 이용요금을 지원해 교통비 부담을 경감시키고 대중교통 이용의 선택권을 보장하기 위해 장애인 버스요금 지원사업을 추진한다.

서울시에 거주하는 만 6세 이상 장애인은 사전 신청을 통해 서울버스 및 서울버스와 연계된 경기·인천 버스(환승 시) 이용 시 버스요금을 지원받을 수 있다.

전국 호환 교통복지카드(후불식·충전식 각 1종), 티머니 교통카드(충전식)를 사용해 장애인이 버스요금을 결제하면 시와 카드사에서 정산해 사전 이용 신청한 장애인의 계좌로 환급해주는 구조다. 7월 중순 경부터 동주민센터나 장애인버스요금지원시스템을 통해 이용 신청이 가능하다.

하반기에도 서울 소재 27개 대학교에 등교하는 대학생을 대상으로 ‘천원의 아침밥’ 제공을 지원하고, 공공노인요양시설인 ‘시립강동실버케어센터’가 8월 개원한다.

7월 중에는 매일 24시간 경증·준응급 소아 환자를 진료하는 병원급 이상의 ‘우리아이 안심병원’과 야간 시간대(21~24시) 소아응급 상황 발생 시 간단한 처치 방법과 진료 가능 의료기관을 안내해주는 ‘우리아이 야간상담센터’를 운영한다. 9월부터는 전국 최초로 난자동결 시술 비용을 지원한다.

초등학생 대상 창의 체험 돌봄 공간인 ‘거점형 우리동네키움센터’가 10월 양천구에서 개관하고, 공공 실내 놀이공간 ‘서울형 키즈카페’가 하반기 42개소 추가된다. 출산·육아 통합정보시스템 ‘몽땅정보 만능키’는 9월 중 운영될 계획이다.

서울시의 6개 대학과 함께 중장년 진로 설정·직무역량 강화 교육을 확대하고, 어르신들을 위한 디지털 교육공간인 ‘디지털동행플라자’가 10월부터 영등포구와 은평구에서 시범 운영된다.

시민들이 자발적으로 환경보호에 참여하도록 에코·승용차 지속 마일리지 지급기준을 기존보다 완화하고, 사용처는 확대한다. 7월 1일부터는 주민이 직접 청구서류를 제출해야만 했던 주민감사청구를 온라인으로도 신청할 수 있고, 간편인증 등을 통해 비대면으로 청구인명부 서명 기재를 할 수 있게 된다.

-장애인 곁을 든든하게 지켜주는 대안언론 에이블뉴스(ablenews.co.kr)-

-에이블뉴스 기사 제보 및 보도자료 발송 ablenews@ablenews.co.kr-

[이 게시물은 노원IL어울림님에 의해 2023-08-22 10:18:06 복지 뉴스에서 이동 됨]",http://www.nowonilc.or.kr/bbs/board.php?bo_table=51&wr_id=2595,http://www.nowonilc.or.kr/bbs/board.php?bo_table=51&wr_id=2595,[]
12,12,노원장애인자립생활센터어울림,"['서울시', '노원구']",,전체,2023년 7월 사회복지현장실습생 모집 안내<마감>,2023-06-23 09:35:00,"노원장애인자립생활센터 어울림은 중증장애인의 자립생활 실현을 위해 동료상담, 권익옹호, 자립생활기술훈련 등 다양한 서비스를 제공하고
사회참여를 유도하여 주체적인 삶을 실현하도록 지원하고 있습니다. 저희 센터에서는 예비 사회복지사를 대상으로 사회복지영역의 현장실습을
실시하고자 합니다. 장애인 복지와 장애인의 자립생활에 관심이 있는 분들의 많은 지원바랍니다.

○ 대      상 : 사회복지관련학과 재학생
○ 실습기간 : 2023년 7월 26일 (수) ~ 8월 25일 (금)
                  * 1일 8시간, 총 160시간 (8월 14일, 15일 제외)
○ 신청기간 : 2023년 7월 3일 (월) ~ 7월 7일 (금) 18:00
○ 신청방법 :
 - 실습생 프로파일 및 개인정보 동의서 작성(첨부파일 다운로드)
 - 이메일 접수(rkskek0202@naver.com)
○ 선정발표 : 2023년 7월 10일 (월) 14:00 서류 심사 후 개별 통보
○ 실 습 비 : 100,000원 (식대 별도)
○ 실습내용
 - 센터 오리엔테이션
 - 장애인 복지의 이해
 - 권익옹호 및 동료상담, 자립생활
 - 사회복지행정 및 회계
 - 프로그램 기획과 실제
○ 문  의 : 02-930-8212/ 070-7791-3321(박성희 자립생활팀장)

* 상기 일정은 센터 사정에 의해 변경될 수 있습니다.",http://www.nowonilc.or.kr/bbs/board.php?bo_table=51&wr_id=1541,http://www.nowonilc.or.kr/bbs/board.php?bo_table=51&wr_id=1541,[]
13,13,노원장애인자립생활센터어울림,"['서울시', '노원구']",,전체,[녹색펀드 장애인 치과지원사업 신청안내]<마감>,2023-06-20 18:20:00,"1. 한자연에서는 세계녹색기후기구에서 지원하고 희망행복조합이 실행하는  ‘녹색펀드 치과지원사업(임플란트 사업)’ 신청을 안내하고자 하오니, 자세한 사항은 아래의 내용을 참조하시고 많은 관심바랍니다.

 가. 사업명: 녹색펀드 장애인 치과지원사업
 나. 사업개요
  1) 지원대상: ‘장애인복지법’ 에 의하여 등록한 장애인이며,  의료급여 수급권자 1 · 2종
  2) 지원내용: 치과 임플란트 무상지원
  3) 지원병원: 서울시 강동구 서울치과병원, 서울시 강서구 타코마신호드림치과병원, 속초 신호드림치과 등 총 3개 병원
 다. 접수기간 : 2023년 6월 26일(월) 까지
 라. 신청방법 : 직접방문  (노원구 상계로7길 39, 한올빌딩 2층)
                  전화 접수 및 문의 (02-930-8212    노원장애인자립생활센터)",http://www.nowonilc.or.kr/bbs/board.php?bo_table=51&wr_id=1482,http://www.nowonilc.or.kr/bbs/board.php?bo_table=51&wr_id=1482,[]
14,14,노원장애인자립생활센터어울림,"['서울시', '노원구']",,전체,발달장애인 공예 프로그램 참여자 모집 안내<마감>,2023-05-08 17:59:00,"가. 모집대상: 공예 활동에 관심있는 장애인
나. 모집기간: 2023. 5. 8.(월)~2023. 5. 12.(금)
다. 진행내용: 목공, 가죽, 한지 등 다양한 공예 활동
라. 진행기간: 2023. 6. 13.(화)~2023. 10. 31.(화) (격주 화요일 월 2회, 총 10회기)
마.  진행장소: 노원어울림센터 교육실
바. 신청방법: 신청서 작성 후 이메일 접수(rkskek0202@naver.com)
사.  문      의: 02-930-8212 (박성희 자립생활팀장)",http://www.nowonilc.or.kr/bbs/board.php?bo_table=51&wr_id=1054,http://www.nowonilc.or.kr/bbs/board.php?bo_table=51&wr_id=1054,['http://www.nowonilc.or.kr/data/file/51/thumb-2038552338_hp5WEPCN_330d1d035ce8cf62c6568aaa01e3e5fa58bb3e55_750x750.png']
15,15,노원장애인자립생활센터어울림,"['서울시', '노원구']",,전체,'집단자립생활지원' 프로그램 참여자 모집<마감>,2023-04-18 14:31:00,"가. 모집대상: 다양한 체험활동을 통해 자립생활 능력을 기르고 싶은 성인 발달 장애인 6명(선착순)
  나. 모집기간: 2023. 4. 17.(월) ~ 2023. 5. 12.(금)
  다. 진행기간: 2023. 5. ~ 7. 매주 수요일 14:00~16:00(주 1회, 총 10회기)
  라. 진행장소: 노원어울림센터 및 노원구 지역사회시설
  마. 진행내용: 참여자가 직접 활동내용을 정하여 다양한 지역사회 활동을 진행 (목공예, 볼링, 등)
  바. 신청방법: 홈페이지 공지사항에서 신청서 작성 후 이메일 접수 (curbe321@naver.com)
  사. 문    의: 02-930-8212 (김종훈 사회복지사)",http://www.nowonilc.or.kr/bbs/board.php?bo_table=51&wr_id=1053,http://www.nowonilc.or.kr/bbs/board.php?bo_table=51&wr_id=1053,['http://www.nowonilc.or.kr/data/file/51/thumb-2038552338_E5OBHLXg_7eb262a697324bb9c3586c9d5cf3cc71813973e8_750x1060.png']
16,16,노원장애인자립생활센터어울림,"['서울시', '노원구']",,전체,"2023 동료상담사 양성과정(기초, 심화) 프로그램 참여자 모집<마감>",2023-04-12 17:50:00,"가. 모집대상: 동료상담에 관심 있는 장애인
  나. 모집기간: 2023년 4월 10(월) ~ 2023년 4월 23일(일)
  다. 진행장소: 노원장애인자립생활센터어울림 교육실
  라. 진행기간:
    1) 기초과정 : 2023년 5월 2일(화) ~ 4일(목)
    2) 심화과정 : 2023년 5월 29일(월) ~ 31일(수)
        ※ 비숙박으로 진행되며 자세한 일정은 계획서 참고
  마. 진행내용: 동료상담의 이해, 동료상담 기법, 역할극 등 동료상담의 기초, 심화 교육 진행
  바. 신청방법: 홈페이지에서 신청서 및 개인정보 동의서 작성 후 제출
    1) 이메일접수 :  psh4130@nate.com
    2) 방문접수 : 노원구 상계로7길 39 한올빌딩 2층 
    3) 팩스 및 전화접수 : 02-936-8212 / 070-7706-9791 박수호 동료상담사",http://www.nowonilc.or.kr/bbs/board.php?bo_table=51&wr_id=1049,http://www.nowonilc.or.kr/bbs/board.php?bo_table=51&wr_id=1049,['http://www.nowonilc.or.kr/data/file/51/thumb-2038552338_Whw6qucX_b197a30d124ac95993166ce44ec254dc45f7c886_750x1125.png']
17,17,노원장애인자립생활센터어울림,"['서울시', '노원구']",,전체,장애인 건강주치의 시범사업,2023-04-08 17:10:00,"장애인 건강주치의 시범사업

서울지역장애인보건의료센터

명      칭 :  서울북부지역장애인 보건의료센터
소  재  지 :  은평구
운영 기관 :  서울재활병원 :
홈페이지  :  http://www.seoulnhc.com/
대표번호  :  02-6020-3128

명      칭 :  서울남부지역장애인 보건의료센터 
소  재  지 :  동작구
운영 기관 :  보라매병원
홈페이지  :  https://www.ssrhmc.org/main/main.html
대표번호  :  02-870-2071",http://www.nowonilc.or.kr/bbs/board.php?bo_table=51&wr_id=1048,http://www.nowonilc.or.kr/bbs/board.php?bo_table=51&wr_id=1048,['http://www.nowonilc.or.kr/data/file/51/2038552338_OvJjKRsl_c0ac6568688f07d694c0d09fa55e8cbf047c31b5.png']
18,18,노원장애인자립생활센터어울림,"['서울시', '노원구']",,전체,2023 자조모임 활성화 지원사업 선정 안내,2023-04-04 11:26:00,"2023 서울시장애인자립생활지원사업의 일환인 '자조모임활성화를 위한 지원사업'에 선정된 자조모임을 안내드립니다.

  1. 선정 모임
    1) 배워서 남주자 자조모임 / 최*경 (1749)
    2) 나도 성우다 자조모임 / 신청자 : 한*름 (1587)
    3) 모아모아 자조모임 / 신청자: 박*현 (9577)
    4) 공부모임(べんきょう あつまり) 자조모임 / 신청자: 김*우 (1759)

2023년 자조모임 활성화 지원사업에 관심가져 주시고 많은 신청해주셔서 감사드립니다~
항상 건강하시고 매일매일 아름답고 행복하세요~^^",http://www.nowonilc.or.kr/bbs/board.php?bo_table=51&wr_id=1046,http://www.nowonilc.or.kr/bbs/board.php?bo_table=51&wr_id=1046,[]
19,19,노원장애인자립생활센터어울림,"['서울시', '노원구']",,전체,2022 기부금 모금액 및 활용실적 명세서,2023-03-31 16:25:00,"소득세법 시행령 제80조에 의거해 2021 기부금 모금액 및 활용실적을 공개하오니 첨부 파일을 참고하여 주시기 바랍니다.

아울러 저희 노원장애인자립생활센터어울림과 항상 함께하여 주시고 많은 관심을 주셔서 정말 감사합니다.
앞으로도 더욱 장애계를 위해 힘쓰고 지역사회 어울림을 위해 노력하겠습니다.

-2022년 정기 후원자 명단 -
김*남, 김*용, 김*경, 신*년, 신*열, 이*섭, 이*섭, 이*곤, 이*윤, 임*희, 정*영, 차*기, 노*경, 조*수, 안*환, 임*아, 이*지, 황*재, 김*연, 박*민, 이*옥, 김*경",http://www.nowonilc.or.kr/bbs/board.php?bo_table=51&wr_id=1045,http://www.nowonilc.or.kr/bbs/board.php?bo_table=51&wr_id=1045,[]
20,20,노원장애인자립생활센터어울림,"['서울시', '노원구']",,전체,노원장애인자립생활센터어울림 사회복지사 채용 공고<마감>,2023-03-30 11:00:00,"우리 센터는 「서울시중증장애인자립생활지원사업」의 사업 담당 사회복지사 1명을 모집하고자 하오니 역량있는 분들의 많은 지원바랍니다.

[모집정보]
  - 모집대상 : 사회복지사(신입 또는 경력) 1명
  - 모집기간 : 2023. 3. 30.(목) ~ 2023. 4. 7.(금)
  - 근무지역 : 노원장애인자립생활센터어울림(노원구 상계로7길 39, 2층)
  - 근무형태 : 정규직
  - 면접예정일 : 2023. 4. 11.(화) ~ 14.(금) [예정]
  - 채용예정일 : 2023. 4. 17.(월)[조율가능]

[주요내용]
1. 지원자격
  가. 사회복지사(1급, 2급) 자격증 소지자
  나. 학력 및 전공, 경력, 나이, 성별 무관
  다. 사회복지사업법에 따라 사회복지시설 종사자 결격사유에 해당하지 않는자 
  라. 사회복지 경력 3년 이상자(팀장 지원에 한함)

2. 우대조건
  가. 컴퓨터 활용 능숙자
  나. 운전면허 자격증 소지자 및 실제 운전 가능자
  다. 장애인
  라. 장애인 관련 사회복지 경력자

3. 근무조건
  가. 근무형태 : 주5일(월~금), 09:00~18:00, 주 40시간
  나. 급여 : 서울시 사회복지사 인건비 가이드라인 적용
  다. 복리후생: 명절상여금, 장기 근속 휴가, 교육비 지원, 연차 휴가, 4대 보험 가입, 중식비

4. 서류전형 제출서류
  가. 입사지원서(지정양식) 1부
  나. 개인정보수집ㆍ이용 동의서(지정양식) 1부
  다. 최종합격자에 한해 추가서류 제출

5. 전형방법
  가. 1차 : 서류전형(합격자에 한하여 개별 통보)
  나. 2차 : 면접(서류전형 합격자에 한하여 일정 개별 통보)

6. 전형 일정
  가. 서류 접수: 2023. 3. 30.(목) ~  4. 7.(금) 24:00 까지 접수분에 한함
  나. 서류 합격자 발표: 2023. 4. 10. (월)
  다. 면접일자: 2023. 4. 11. (화) ~ 14. (금) [예정]
  라. 최종 합격자 발표: 채용 확정 시 개별 통보 및 공고
  마. 채용 확정 및 근무 시작: 채용 확정 후 결정

7. 기타
  가. 서류전형 및 면접전형, 최종 합격자 발표는 개별 통보해드립니다.
  나. 제출된 서류에 허위사실이 있는 경우 합격이 취소될 수 있습니다.
  다. 범죄 및 성폭력범죄 경력 조회 시 결격사유가 있는 경우 합격 및 고용이 취소될 수 있습니다.
  라. 제출된 서류는 일체 반환하지 않습니다.
  마. 적격자가 없는 경우 최종 합격자가 없을 수 있습니다.
  바. 문의: 주련 실장 (070-7791-3120 / joolyeon@hanmail.net)  끝.",http://www.nowonilc.or.kr/bbs/board.php?bo_table=51&wr_id=1044,http://www.nowonilc.or.kr/bbs/board.php?bo_table=51&wr_id=1044,[]
21,21,노원장애인자립생활센터어울림,"['서울시', '노원구']",,전체,노원장애인자립생활센터어울림 사회복지사 채용 공고<마감>,2023-03-07 13:31:00,"우리 센터는 「서울시중증장애인자립생활지원사업」의 사업 담당 사회복지사 1명을 모집하고자 하오니 역량있는 분들의 많은 지원바랍니다.

○모집인원: 사회복지사 1명
  - 장애인 복지 사업(동료상담 및 권익옹호, 기타 장애인복지)
  - 회계 및 기타 행정 업무

○자격요건
  - 사회복지사 자격증 소지자
  - 학력 및 전공, 경력, 나이, 성별 무관
  - 사회복지사업법에 따라 사회복지시설 종사자 결격사유에 해당하지 않는자

○우대조건
  - 컴퓨터 활용 능숙자
  - 운전면허 자격증 소지자 및 실제 운전 가능자
  - 장애인
  - 장애인 관련 사회복지 경력자

○서류 접수기간 : 2023. 3. 7.(화) ~ 3. 16.(목) 24:00 도착분까지
 
세부 사항은 첨부된 공고문을 확인하여 주시기 바랍니다.",http://www.nowonilc.or.kr/bbs/board.php?bo_table=51&wr_id=821,http://www.nowonilc.or.kr/bbs/board.php?bo_table=51&wr_id=821,[]
22,22,노원장애인자립생활센터어울림,"['서울시', '노원구']",,전체,노원장애인자립생활센터어울림 사회복지사(팀장) 채용 공고<마감>,2023-03-03 11:23:00,"우리 센터는 「서울시중증장애인자립생활지원사업」의 사업 담당 사회복지사(팀장) 1명을 모집하고자 하오니 역량있는 분들의 많은 지원바랍니다.

○모집인원: 사회복지사(권익옹호팀 팀장) 1명
  - 장애인 복지 사업(권익옹호)
  - 센터 공통 업무
  - 기타 사무행정

○자격요건
  - 사회복지시설 경력 3년 이상자(장애인 복지 분야 경력자 우대)
  - 사회복지사 자격증 소지자
  - 학력 및 전공, 경력, 나이, 성별 무관
  - 사회복지사업법에 따라 사회복지시설 종사자 결격사유에 해당하지 않는자

○우대조건
  - 컴퓨터 활용 능숙자
  - 운전면허 자격증 소지자 및 실제 운전 가능자
  - 장애인

○서류 접수기간 :2023. 3. 3.(금) ~ 3. 16. (목) [14일 간]
 
세부 사항은 첨부된 공고문을 확인하여 주시기 바랍니다.",http://www.nowonilc.or.kr/bbs/board.php?bo_table=51&wr_id=820,http://www.nowonilc.or.kr/bbs/board.php?bo_table=51&wr_id=820,[]
23,23,노원장애인자립생활센터어울림,"['서울시', '노원구']",,전체,2023년 하지메마시떼 프로그램 참여자 모집<마감>,2023-03-03 09:28:00,"노원장애인자립생활센터어울림에서는 일본어 교육에 관심있는 장애인을 대상으로 일본어 회화, 문법, 일본어능력시험 대비 등의 '하지메마시떼'
프로그램 참여자를 모집하오니 많은 신청바랍니다. 

○모집대상: 일본어 교육에 관심있는 장애인
○모집기간: 2023년 3월 2일~3월 10일
○선정기준:
  1) 일본어 수업에 성실히 참여할 수 있는 자
  2) 일본어능력시험(JLPT) 응시 가능자
○선정발표: 2023년 3월 13일
○진행기간: 2023년 3월 24일~12월 8일, 매주 금요일(14:00~16:00)
○진행장소: 노원어울림센터 교육실
○진행내용: 중급 난이도의 일본어 회화 및 문법, 일본어능력시험 대비
○문      의: 02-930-8212 (박성희 자립생활팀장)",http://www.nowonilc.or.kr/bbs/board.php?bo_table=51&wr_id=819,http://www.nowonilc.or.kr/bbs/board.php?bo_table=51&wr_id=819,['http://www.nowonilc.or.kr/data/file/51/thumb-2038552338_XI0KWuka_753b78102d54e6cd060d5f58030636aabd0f0d7b_750x1061.png']
24,24,노원장애인자립생활센터어울림,"['서울시', '노원구']",,전체,'2023 자조모임 활성화 지원사업' 프로그램 참여자(모임)을 모집합니다<마감>,2023-03-02 18:25:00,"노원장애인자립생활센터어울림에서는 '2023 자조모임 활성화 지원사업' 프로그램 참여자(모임)을 모집하고자 합니다.
친구 또는 동료 장애인들과 공통의 주제로  자조모임을 하고싶거나  희망하는 참여자(모임)에게 분들의 많은 관심과 신청 바랍니다~

가. 신청대상 : 자조모임에 관심있는 장애인 또는 장애인모임 (최소 4명 이상 구성)
나. 신청기간 : 수시모집(지원 정원 마감시까지) // 최대 4팀
다. 신청방법 : 홈페이지(www.nowonilc.or.kr)에서 신청서를 다운로드 받아 작성 후 메일(allium0703@naver.com) 또는 방문(노원구 상계로7길 39 한울빌딩 2층) 제출
라. 지원내용 : 모임당 최대 100만원 지원 (신청서 서식의 모임 신청 시 주의사항 참고)
마. 모임내용 : 예술/문화, 견학/체험, 인식개선/교육 등의 자유 주제의 자조모임 (단, 종교나 정치, 특수한 목적의 친목 활동은 모임 불가)
바. 활동기간 : 4월부터 12월까지 (단, 최소 6개월 6회 이상 활동)
사. 제출서류 : 신청서, 참여자 명단, 복지카드, 개인정보 제공 동의서 각 1부
아. 기      타 : 자조모임 활동을 제외한 오리엔테이션, 중간평가, 최종평가 참여 필수
자. 문      의 : 02-930-8212 / 070-8822-3430 (박희주 간사)",http://www.nowonilc.or.kr/bbs/board.php?bo_table=51&wr_id=818,http://www.nowonilc.or.kr/bbs/board.php?bo_table=51&wr_id=818,['http://www.nowonilc.or.kr/data/file/51/thumb-2038552338_kZhBE3Yr_9610abb213b957e688fe282bb4fe2064b0689d6b_750x1061.png']
25,25,노원장애인자립생활센터어울림,"['서울시', '노원구']",,전체,2023년'찾아라 편의시설' 참여자 모집,2023-02-28 21:39:00,"노원장애인자립생활센터어울림에서는 2023년 서울시장애인자립생활지원사업의 일환으로 장애인 편의시설에 관심이 많은 대상으로 '찾아라 편의시설' 참여자를 모집합니다.
○ 모집 대상: 편의시설에 관심이 많은 장애인
○ 활동 기간: 2023년 4월~11월
○ 활동 내용
  - 노원구내 장애인 편의시설 조사활동 (소정의 활동비가 지급됩니다)
  - 월 1회 조사활동 공유 및 토의 진행
○ 선정 기준
  - 편의시설에 관심있는 장애인
  - 노원구 내 및 인근 거주자
  - 정원시 마감
○ 신청 방법
  - 홈페이지에서 신청서 및 개인정보 동의서 작성 후 이메일 or 팩스 제출 /  방문접수 / 전화 
  - 홈페이지     http://www.nowonilc.or.kr/          
  - E - mail       psh4130@nate.com
  - FAX           02-936-8212
  - 전화          070-7706-9791 / 02-930-8212  박수호",http://www.nowonilc.or.kr/bbs/board.php?bo_table=51&wr_id=817,http://www.nowonilc.or.kr/bbs/board.php?bo_table=51&wr_id=817,['http://www.nowonilc.or.kr/data/file/51/2038552338_2rmlSejq_ca46d16513dd3f4f289e2be987654ce5cd18b395.png']
26,26,노원장애인자립생활센터어울림,"['서울시', '노원구']",,전체,2023년 '권익옹호 활동단'참여자를 모집합니다.<마감>,2023-02-21 18:08:00,"2023년 서울시장애인자립생활세넡 지원사업의 일환으로 '2023 권익옹호 활동단'에 참여할 참여자를 모집하고자 합니다.
장애인의 권익옹호에 관심있는 분들의 많은 관심과 참여 부탁드립니다.

  가. 사 업 명 : 지역장애인 권익증진을 위한 ‘권익옹호 활동단’
  나. 지원자격 : 권익옹호에 관심있는 장애인 5명(노원구 거주 장애인 우선)
  다. 지원기간 : 2023년 2월 6일 ~ 3월 17일
  라. 진행기간 : 2023년 4월 ~ 11월 (월 2회씩 진행)
  마. 지원방법 : 홈페이지에서 신청서 작성 후 이메일(nhgnhk@hanmail.net) 또는 팩스(02-936-8212) 혹은 전화(방문)를 통한 신청서 제출
  바. 진행장소 : 노원장애인자립생활센터어울림 및 지역사회
  사. 진행내용
    - 장애관련 유튜브 컨텐츠 제작
    - 장애인정책 모니터링과 제안
    - 인식개선 캠페인 활동
  아. 문    의 : 070-7791-3450 (나한규 대리)",http://www.nowonilc.or.kr/bbs/board.php?bo_table=51&wr_id=815&page=2,http://www.nowonilc.or.kr/bbs/board.php?bo_table=51&wr_id=815&page=2,['http://www.nowonilc.or.kr/data/file/51/thumb-2038552338_pGRdkM6W_bc3286033e7fd15cb58ec77ebb715a8f162f6d8c_750x1065.jpg']
27,27,노원장애인자립생활센터어울림,"['서울시', '노원구']",,전체,2023년 노원장애인자립생활센터어울림 정기총회 결과 보고,2023-02-20 18:09:00,"2023년 노원장애인자립생활센터어울림 정기총회 결과보고

비영리민간단체인 노원장애인자립생활센터어울림은 지난 1월 27일 회원분들을 모시고
대면 정기총회를 진행하고 그 결과를 아래와 같이 보고합니다.

1. 진행일시: 2023. 1. 27.(금) 17:00~18:00
2. 진행장소: 비엔티컨벤션(서울 노원구 섬밭로 258 6층)
3. 회의내용: 2023년 노원장애인자립생활센터어울림 보고·의결안건 심의
4. 성원보고: 회원 108명 중 67명 참석, 20명 위임으로 과반 이상 참석
5. 회의결과
  가) 보고안건
    제1호 2022년 사업 및 회계 감사 결과 보고 건
  나) 의결안건
    제1호 2022년 사업 실적 및 세입·세출 결산(안) 관한 사항
    →원안 통과
    제2호 2023년 사업계획 및 예산(안) 관한 사항
    →원안 통과
    제3호 노원장애인자립생활센터어울림 센터장 선출의 관한 사항
    →원안 통과(센터장 당선: 이성수)
   
바쁘신 와중에도 2023년 노원장애인자립생활센터어울림 정기총회에 참석해주신 회원 여러분들께 감사의 말씀드립니다.
총회 결과 및 개진해주신 의견을 센터 운영에 적극 반영하여 당사자 및 회원분들 중심의 노원어울림센터가 되도록 노력하겠습니다.
2023년에도 행복한 한해되시기 바랍니다.",http://www.nowonilc.or.kr/bbs/board.php?bo_table=51&wr_id=814&page=2,http://www.nowonilc.or.kr/bbs/board.php?bo_table=51&wr_id=814&page=2,[]
28,28,노원장애인자립생활센터어울림,"['서울시', '노원구']",,전체,노원장애인자립생활센터어울림 2022년 결산 및 2023년 예산공고,2023-02-20 18:03:00,"노원장애인자립생활센터어울림 2022년 결산서 및 2023년 예산서 공고

1. 공고기간: 2023. 2. 20. ~ (20일 이상)

2. 공고내역
  - 2022년도 결산(센터총괄 및 계정 예산별)
  - 2023년도 예산(센터총괄 및 계정 예산별)

3. 공고장소: 우리 센터 홈페이지

4. 공고근거: 사회복지시설 재무회계규칙",http://www.nowonilc.or.kr/bbs/board.php?bo_table=51&wr_id=813&page=2,http://www.nowonilc.or.kr/bbs/board.php?bo_table=51&wr_id=813&page=2,[]
29,29,노원장애인자립생활센터어울림,"['서울시', '노원구']",,전체,2023년 스포츠라이트 참여자 모집<마감>,2023-02-20 10:27:00,"2023년 서울시장애인자립생활지원센터 지원사업의 일환으로 스포츠라이트 자조모임에서 참여자를 모집하고자 합니다.
스포츠 경기장을 방문하거나 함께 경기를 보는 것을 좋아하시는 분들의 많은 관심과 참여 바랍니다.

○신청대상: 스포츠 관람(야구, 농구 등)을 좋아하는 장애인 5명
              노원구 거주자
○신청기간: 2023. 2. 6. ~ 2023. 2. 24.
○진행내용: 스포츠 경기장 방문 및 경기 관람
○진행장소: 서울(근교) 스포츠 경기장, 노원어울림센터
○진행기간: 2023. 3. ~ 2023. 12.
○신청방법: 신청서 작성 후 이메일 제출(psh4130@nate.com) / 방문접수 / 전화
○문      의: 02-930-8212 / 070-7706-9791(동료상담가 박수호)",http://www.nowonilc.or.kr/bbs/board.php?bo_table=51&wr_id=812&page=2,http://www.nowonilc.or.kr/bbs/board.php?bo_table=51&wr_id=812&page=2,['http://www.nowonilc.or.kr/data/file/51/thumb-2038552338_R1hZCOjU_ff26b6d1db230eefa96139f7fc110c1b78a86dc3_750x1125.png']
30,30,노원장애인자립생활센터어울림,"['서울시', '노원구']",,전체,2023년 노원장애인자립생활센터어울림 활동가 모집<마감>,2023-02-13 16:20:00,"1. 2023년 노원장애인자립생활센터어울림 센터 활동가를 모집하고자 하오니 재가하여주시기 바랍니다.

1. 모집기간: 2023년 2월 13일(월) ~ 2월 24일(금) 18:00시 까지[접수분에 한함]
2. 모집인원: 2명
3. 활동기간:2023년도 사업 종료시까지(~2023. 12. 29)
4. 활동내용
  - 센터 내 진행 사업 및 프로그램 진행 보조 및 참여
  - 장애인 당사자 권익옹호 활동 및 센터 홍보
  - 노원구내 편의시설 모니터링
5. 활동혜택
  - 센터 내 진행 사업 및 프로그램 우선 참여권 부여
  - 매월 소정의 활동비 지급
6. 신청자격: 장애인복지법상 등록장애인(노원구 거주자 우대)
7. 신청방법
 - 방문제출 : 노원구 상계로7길 39, 한올빌딩 2층
 - 팩스접수 : 02-936-8212
 - E-mail접수 : joolyeon@hanmail.net
8. 접수서류
  - 신청서, 복지카드 사본  각 1부

문의 주련 실장(070-7791-3120)",http://www.nowonilc.or.kr/bbs/board.php?bo_table=51&wr_id=808&page=2,http://www.nowonilc.or.kr/bbs/board.php?bo_table=51&wr_id=808&page=2,[]
31,31,노원장애인자립생활센터어울림,"['서울시', '노원구']",,전체,2023년 '어울림' 장애인 기자단 참여자 모집 안내<마감>,2023-02-13 15:08:00,"<'어울림' 장애인 기자단 참여자 모집>
노원장애인자립생활센터어울림에서는 2023년 서울시장애인자립생활지원사업의 일환으로 취재 및 기사 작성이 가능한 장애인을 대상으로 '어울림' 장애인 기자단 참여자를 모집합니다.
기자단에 관심있는 분들의 많은 신청바랍니다. 
○ 모집 대상: 취재 및 기사 작성이 가능한 장애인
○ 신청 기간: ~2023년 3월 10일까지
○ 진행 내용
  - 장애 관련 기관 조사 및 탐방
  - 장애인 당사자 인터뷰
  - 편의시설 취재
  - 기사 작성 및 지역사회 공유
○ 진행 기간: 2023년 3월~12월(월 1회 모임)
○ 진행 장소: 노원 어울림센터, 지역사회
○ 활동 혜택: 소정의 원고료 지급
○ 신청 방법
  - 전화 접수
  - 신청서 작성 후 이메일 접수(rkskek0202@naver.com)
○ 문      의: 02-930-8212(자립생활팀장 박성희)",http://www.nowonilc.or.kr/bbs/board.php?bo_table=51&wr_id=806&page=2,http://www.nowonilc.or.kr/bbs/board.php?bo_table=51&wr_id=806&page=2,['http://www.nowonilc.or.kr/data/file/51/thumb-2038552338_2cZYmGgX_bf112347c34d2691c15d6b754739fc390f06bd58_750x1061.png']
32,32,노원장애인자립생활센터어울림,"['서울시', '노원구']",,전체,2023 노원장애인자립생활센터어울림 중증장애인 인턴제 채용 공고(마감),2023-02-08 19:22:00,"[2023 서울시 중증장애인 인턴제 사업]의 일환으로
노원장애인자립생활센터어울림에서 중증장애인 인턴을 모집하오니 많은 참여바랍니다.

1. 채용예정분야 및 인원
  가. 채용인원: 1명
  나. 근 무 지 : 노원장애인자립생활센터 어울림(노원구 상계로7길 39, 한올빌딩 2층)
  다. 업무내용: 기획 및 회계부터 기관 기본사업, 선택사업, 특화사업 등 업무 지원 등
  라. 근무조건
    (1) 근무기간 : ‘23. 3. 6. (월) ~ 12.29. (금)
    (2) 근무시간 : 09:00~18:00 (1일 8시간) ※ 점심시간 : 12:00~13:00(1시간)
    (3) 급여조건 : 2,208,500원(세전, 기관부담금 포함) / 월21일 근무기준
    ※ 주차수당, 월차수당, 4대 보험료 포함
    ※ 근로자 실지급액(보험료 공제) : 2,023,260원/월임금은 근로자의 근무상황부에 따라 실제 근로한 일수를 계산하여 산정
    (4) 기 타 : 4대 보험(산업재해보상보험, 건강보험, 고용보험, 국민연금) 가입

2. 응시자격 및 제출서류
  가. 응시자격 : 다음 각 호의 기준을 모두 갖춘 사람에 한 함
    (1) 만18세 이상의 서울시 거주 중증장애인 ※ 중증장애인 : 장애인복지법상 장애정도가 심한 장애인
    (2) 복지관, 장애인자립생활센터 또는 장애인단체에서 상근직으로 근무한 경험이 없는 사람
※ 서울시 중증장애인 인턴제 및 국가·지자체 등에서 진행한 인턴 및 일자리 사업으로 근무하였지만 정규직으로 임용되지 않은 자는 1회에 한하여 지원 가능
  나. 제출서류
    (1) 응시원서(별지 제1호서식) 1부.
    (2) 장애인등록증 사본(앞, 뒷면) 1부
    (3) 최종학교 졸업증명서 1부
    (4) 건강보험득실확인서 1부, 경력증명서 각 1부(해당자에 한함)
    (5) 자격증 사본(해당자에 한함)
    (6) 자기소개서 1부
    (7) 개인정보 수집 및 활용 동의서 1부
※ 모든 서류는 공고일 이후 발행분이 원칙이나, 공고일 이전의 서류인 경우 법에서 정한 유효기간 (증명서에 유효기간이 기재된 것만 인정) 내의 서류인 경우 증빙인정

3. 채용일정
  가. 인턴 신청 및 접수 : 2. 9.(목) ~ 2. 22.(수) / 근무 희망 기관
  나. 면접심사          : 2. 23.(목) ~ 2. 24.(금)
  다. 합격자발표        : 3. 2. (화) 예정 / 서울시청 고시 및 공고 확인
  라. 인턴근무          : 3. 6.(월) ~ 12. 29.(금)

4. 응시자 유의사항
  가. 면접시험 시 본인확인이 가능한 신분증(주민등록증, 운전면허증 등)을 필히 지참하여야 하며, 이를 확인할 수 없을 시에는 응시할 수 없습니다.
  나. 접수된 서류는 반환하지 아니하며, 제출된 서류에 기재된 사항이 사실과 다를 경우 합격 결정을 취소할 수 있습니다.
  다. 구비서류의 기재착오, 누락으로 연락불능 등의 사유가 발생하여 생기는 불이익은 응시자의 책임으로 합니다.
  라. 신원조회 부적격, 채용계약 포기, 채용 후 즉시퇴직 등의 사유로 결원이 발생할 경우에 대비하여 면접시험 순위에 따라 2명 이내로 예비합격자를 관리하고, 결원발생시 성적순에 따라 합격자를 결정하거나 추가 모집을 할 수 있습니다.
  마. 기초생활보장수급자의 경우 인턴근무로 인해 근로소득이 발생하여 기초생활보장수급 자격이 중지될 수 있습니다.
  바. 서울시 중증장애인 인턴제 및 국가·지자체 등에서 진행한 인턴 및 일자리 사업으로 근무하였지만 정규직으로 임용되지 않은 자는 1회에 한하여 지원 가능

5. 응시원서 교부 및 접수
  가. 접수기간 : 2023. 2. 9.(목) ~ 2. 22.(수) <토.일제외>
  나. 신청양식 : 붙임양식
  다. 접수방법 : 직접방문(노원구 상계로7길 39, 한올빌딩 2층) 또는 이메일 접수(joolyeon@hanmail.net)
  ※이메일 접수시 전송 후 접수 확인 전화바랍니다.

문의: 주련 실장(070-7791-3120)",http://www.nowonilc.or.kr/bbs/board.php?bo_table=51&wr_id=803&page=2,http://www.nowonilc.or.kr/bbs/board.php?bo_table=51&wr_id=803&page=2,[]
33,33,노원장애인자립생활센터어울림,"['서울시', '노원구']",,전체,노원장애인자립생활센터어울림 제5대 센터장 입후보 접수 및 선거일자 공고 <마감>,2023-01-11 15:49:00,"노원장애인자립생활센터 어울림 센터장 선거 공고문

비영리민간단체 노원장애인자립생활센터어울림은 본 센터 정관 제3장 제10조 2항에 의거하여 센터장 입후보 접수 공고 및 선거일자 아래와 같이 공고합니다.

1. 선거일시 : 2023. 1. 27.(금) 17:00 ~ 18:00
2. 선거장소 : 건영백화점 6층(서울 노원구 섬밭로 258)
3. 선거권자 : 정관 제2장 제5조에 해당하는 자
4. 입후보자(피선거권자) 자격요건 : 정관 제2장 제5조 2항에 해당하는 회원
5. 후보자 등록기간 : 2023. 1. 11.(수) ~ 18. (수) 09:00 ~ 18:00
6. 후보자 등록 장소 : 본센터 사무처(서울시 노원구 상계로7길 39, 한올빌딩 2층)
7. 구비서류
  가. 후보자 등록 신청서 1부.
  나. 이력서(사진부착) 1부.
  다. 복지카드 또는 이를 대신할 증빙자료(장애인증명서 등) 1부.
8. 선거 문의: 070-7791-3120, 주련 총괄팀장

2022. 1. 11.

노원장애인자립생활센터어울림",http://www.nowonilc.or.kr/bbs/board.php?bo_table=51&wr_id=797&page=2,http://www.nowonilc.or.kr/bbs/board.php?bo_table=51&wr_id=797&page=2,[]
34,34,노원장애인자립생활센터어울림,"['서울시', '노원구']",,전체,2023년 노원장애인자립생활센터 어울림 정기총회 개최,2023-01-11 15:49:00,"2023년 노원장애인자립생활센터 어울림 정기총회를 개최합니다.
회원분들의 많은 관심과 참여 바랍니다.
     
  가. 개최내용 : 2022년 노원장애인자립생활센터어울림 정기총회
  나. 개최일자 : 2023. 1. 17.(금) 17:00
  다. 개최장소 : 비엔티(BNT)컨벤션 웨딩(하계역 6번 출구에서 도보 10분 건영옴니백화점 6층, 02-978-9000)
  마. 총회안건
    1) 보고안건
      가)제1호 2022년도 사업·회계감사 결과 보고
      나)제2호 노원장애인자립생활센터어울림 임원진 보고
      다)제3호 노원장애인자립생활센터어울림 운영 규정 변경 보고
    2) 의결안건
      가)제1호 2022년 사업 실적 및 세입·세출 결산(안) 관한 사항
      나)제2호 2023년 사업계획 및 예산(안) 관한 사항
      다)제3호 노원장애인자립생활센터어울림 센터장 선출의 관한 사항
  라. 위임장 제출기한: 2023. 1. 27.(금) 18:00까지
    1)제출처: 노원장애인자립생활센터어울림
    2)제출방법:방문(노원구 상계로7길 39, 2층), 이메일(hno1il@hanmail.net), 팩스(02-936-8212)
  마. 문의: 주련 실장(02-930-8212/ 직통번호 070-7791-3120)",http://www.nowonilc.or.kr/bbs/board.php?bo_table=51&wr_id=798&page=2,http://www.nowonilc.or.kr/bbs/board.php?bo_table=51&wr_id=798&page=2,[]
35,35,노원장애인자립생활센터어울림,"['서울시', '노원구']",,전체,2023년 신규 채용 확정 공고,2023-01-03 11:36:00,"<<2023년 노원장애인자립생활센터어울림 서울시장애인자립생활지원사업 전담인력 채용 결과 >>

 □ 성  명: 박*주(9**8), 나*규(9**1) 
 □ 담당업무: 서울시 장애인자립생활지원사업
 □ 근무 시작일:
    ◦ 박*주: 2023. 1. 3.(화)
    ◦ 나*규: 2023. 1. 5.(목)


** 신규 채용에 지원해주신 모든분들에게 무한한 감사를 드립니다.
제한된 인원으로 함께하진 못하지만 지원자분 모두 원하는곳에 가실수 있길 기원합니다.",http://www.nowonilc.or.kr/bbs/board.php?bo_table=51&wr_id=796&page=2,http://www.nowonilc.or.kr/bbs/board.php?bo_table=51&wr_id=796&page=2,[]
,Unnamed: 0,site,region,category,disability_type,title,date,summary,original_link,content_link,image
0,0,노원장애인자립생활센터어울림,서울시,교육,전체,8~9월 사회복지사 실습생 모집(2인),2023-08-18 17:35:00,"

노원장애인자립생활센터 어울림에서는 사회복지사를 대상으로 현장실습을 실시합니다. 모집인원은 2명, 실습기간은 8월 29일~9월 25일, 신청기간은 8월 21일~25일, 신청방법은 이메일 접수, 실습비는 10만원, 실습내용은 오리엔테이션, 장애인 복지의 이해, 권익옹호 및 동료상담, 자립생활기술, 자립생활주택, 장애인 활동지원, 사회복지행정, 프로그램 기획과 실제로 이루어집니다. 문의는 02)930-8212로 해주세요.",http://www.nowonilc.or.kr/bbs/board.php?bo_table=51&wr_id=2534,http://www.nowonilc.or.kr/bbs/board.php?bo_table=51&wr_id=2534,[]
1,1,노원장애인자립생활센터어울림,전체,교육,발달,제1회 어울림 시낭송회 '시愛 향연' 공연 개최,2023-08-17 12:21:00,"

2023년 8월 19일 노원역 7호선 라인 역사 내 지하철 무대공간에서 제1회 어울림 시낭송회 '시愛 향연' 공연이 열립니다. 나도 성우다 장애인 성우자조모임이 준비한 팟캐스터 활동, 목소리 재능기부, 라디오극 등의 비대면 공연을 즐길 수 있으며, 무료로 참여할 수 있습니다. 많은 관심과 사랑, 참여 부탁드립니다.",http://www.nowonilc.or.kr/bbs/board.php?bo_table=51&wr_id=2512,http://www.nowonilc.or.kr/bbs/board.php?bo_table=51&wr_id=2512,['http://www.nowonilc.or.kr/data/file/51/2038552338_ZRiS9yHd_75a50fa64d2504847d5f04c88fc289da1ad029c8.png']
2,2,노원장애인자립생활센터어울림,전체,교육,발달,2023 발달장애인 인권강사 양성과정 참여자를 모집합니다~♡,2023-07-31 09:14:00,"

2023년 7월 28일부터 8월 3일까지 발달장애인 5명을 대상으로 하는 '2023 발달장애인 인권강사 양성과정' 프로그램 참여자를 모집합니다. 신청서 다운로드 후 메일 또는 방문 제출, 제출서류는 신청서, 복지카드, 개인정보 제공동의서 각 1부입니다. 문의는 02-930-8212, 070-8822-3430으로 해주시기 바랍니다.",http://www.nowonilc.or.kr/bbs/board.php?bo_table=51&wr_id=2326,http://www.nowonilc.or.kr/bbs/board.php?bo_table=51&wr_id=2326,['http://www.nowonilc.or.kr/data/file/51/thumb-2038552338_ofrcCbEg_c1f4ccc53a4a8ea543c33df5f0dfbc08025eafbd_750x1050.png']
3,3,노원장애인자립생활센터어울림,전체,교육,전체,장애인 교통복지카드 전국호환 신청 안내,2023-04-14 17:31:00,"

1. 장애인 교통복지카드 전국호환 관심 바랐다.
2. 전국의 장애인들이 교통복지카드를 통해 보다 쉽게 이동할 수 있도록 하려는 노력이 필요하다.
3. 장애인 교통복지카드는 전국에서 호환되도록 개발하고 사용할 수 있도록 노력해야 한다.
4. 장애인 교통복지카드 전국호환을 위해 많은 관심과 지원이 필요하다.
5. 장애인 교통복지카드 전국호환을 위한 노력이 필요하다.",http://www.nowonilc.or.kr/bbs/board.php?bo_table=51&wr_id=1052,http://www.nowonilc.or.kr/bbs/board.php?bo_table=51&wr_id=1052,"['http://www.nowonilc.or.kr/data/file/51/thumb-2038552338_NGDSxqXZ_362d164bf5c0fb2119a1be3f9f4ea4e5a68c5265_750x1030.png', 'http://www.nowonilc.or.kr/data/file/51/thumb-2038552338_1Kc4Nru7_e64f1e0868d5762a471d281d4e93bb59b209bc0e_750x1026.png']"
4,4,노원장애인자립생활센터어울림,전체,교육,발달,2023년 문화여가 프로그램 '당일치기'의 참여자를 모집합니다.<모집중>,2023-02-21 18:29:00,"

2023년 4월~10월 중 자율 선택하여 여행을 지원하는 장애인 당사자분들을 위한 '당일치기' 프로그램이 있습니다. 홈페이지>커뮤니티>공지사항>에서 신청서를 다운로드 받아 작성 후 제출하거나 이메일(joolyeon@hanmail.net) 또는 방문(노원구 상계로7길 39, 2층)으로 접수할 수 있습니다. 일행에는 휠체어 및 스쿠터를 실을 수 있는 스타렉스 또는 솔라티가 제공되며, 문화 여가 활동비, 식사비 및 다과비 등 여행비용이 지원됩니다. 여행 후기 작성(초상권 허락 인물사진 포함)이 필수입니다.",http://www.nowonilc.or.kr/bbs/board.php?bo_table=51&wr_id=816,http://www.nowonilc.or.kr/bbs/board.php?bo_table=51&wr_id=816,[]
5,5,노원장애인자립생활센터어울림,전체,교육,전체,2023년 천상의 하모니 프로그램 참여자 모집,2023-02-13 15:56:00,"

천상의 하모니는 언어, 청각 장애가 없는 성인 남성 장애인을 대상으로 베이스 1명, 테너 1명, 바리톤 1명을 상시 모집하며, 개별 오디션을 통해 선발하고, 2023년 3월부터 12월까지 주 1회 수요일 18:30~21:30에 성악과 출신 전문강사를 통한 성악 교육과 중창곡 연습을 통한 다양한 경연대회 및 공연 참가를 진행한다. 신청은 홈페이지에서 신청서 작성 후 이메일 또는 전화로 접수하며, 문의는 02-930-8212(자립생활팀 김종훈)로 할 수 있다.",http://www.nowonilc.or.kr/bbs/board.php?bo_table=51&wr_id=807,http://www.nowonilc.or.kr/bbs/board.php?bo_table=51&wr_id=807,['http://www.nowonilc.or.kr/data/file/51/thumb-2038552338_qj4wLg38_789fbdd9c0719b8ce03ce33bef4f652d3d30f82c_750x1060.jpg']
6,6,노원장애인자립생활센터어울림,전체,교육,전체,'2023 동료상담 네트워크' 참여할 동료상담가를 모집합니다~♥,2023-02-09 17:06:00,"

2023년 노원장애인자립생활센터어울림에서는 동료상담 네트워크에 참여할 동료상담가를 상시 모집합니다. 동료상담사로 활동하고 있거나 동료상담에 관심있는 장애인 10명을 모집합니다. 신청서는 홈페이지 또는 전화상담을 통해 제출하실 수 있으며, 진행기간은 2023년 3월부터 11월까지 월 평균 1회 진행됩니다.",http://www.nowonilc.or.kr/bbs/board.php?bo_table=51&wr_id=804,http://www.nowonilc.or.kr/bbs/board.php?bo_table=51&wr_id=804,['http://www.nowonilc.or.kr/data/file/51/thumb-2038552338_Otwgm9FS_24f268491a226b4431fa7a7494c7869ac15b92bd_750x1061.png']
7,7,노원장애인자립생활센터어울림,전체,교육,전체,2023 노원장애인자립생활센터 어울림 사업안내,2023-02-08 09:20:00,"

2023년 노원장애인자립생활센터에서 어울림 사업을 진행합니다. 사업의 목적은 장애인 사회통합과 자립생활 지원을 위한 기반을 마련하는 것입니다. 사업은 장애인의 자립생활 능력 향상과 사회통합을 위한 자금 지원, 지역 사회와의 소통 활동, 장애인 자립생활 지원 사업 등을 포함합니다.",http://www.nowonilc.or.kr/bbs/board.php?bo_table=51&wr_id=800,http://www.nowonilc.or.kr/bbs/board.php?bo_table=51&wr_id=800,"['http://www.nowonilc.or.kr/data/file/51/thumb-2038552338_fBnqsKW9_ab468a840e61c1f6dcff366f9c3c73c3434091a7_750x1061.png', 'http://www.nowonilc.or.kr/data/file/51/thumb-2038552338_s8JFdO6b_8de27f5e842d89cb797aa792fc1cd76a85abfee6_750x1061.png']"
8,8,노원장애인자립생활센터어울림,서울시,교육,발달,장애인 이동지원차량(특장차) 서비스 이용 안내,2023-01-30 13:32:00,"

노원구 거주 장애인을 대상으로 보행 및 스스로 이동에 불편함이 있는 자들을 위해 무료로 이동지원을 하는 어울림 이동지원서비스입니다. 탑승인원은 휠체어 이용인 1명, 비휠체어 이용인 4인까지 가능하며 운행시간은 평일 09:00 ~ 18:00입니다. 온라인, 전화, 팩스, 이메일 등 여러 방법으로 접수가 가능하며, 운행지역은 서울시 전역 및 인근지역이 가능합니다.",http://www.nowonilc.or.kr/bbs/board.php?bo_table=51&wr_id=799,http://www.nowonilc.or.kr/bbs/board.php?bo_table=51&wr_id=799,['http://www.nowonilc.or.kr/data/file/51/thumb-2038552338_1yD7eVaA_1c5d7acf38020fe63f86b152a01da46f8ba488f8_750x530.png']
9,9,노원장애인자립생활센터어울림,전체,교육,전체,2023 2/4분기(2차) 노원장애인자립생활센터어울림 운영위원회 결과보고,2023-07-18 13:34:00,"

2023년 7월 13일 노원장애인자립생활센터어울림 교육실에서 운영위원회 결과보고가 있었으며, 정원 7명 중 5명이 참여하고 1명이 위임하여 진행되었다. 안교헌, 이성수, 고관철, 정은지, 전태만과 임형찬이 참석하였고, 2023년 공모사업 신청 사항과 기타 센터 운영에 관한 사항을 보고하였다. 이에 따라 2023년도 상반기 사업 실적 및 상반기 결산, 2023년도 사업 계획 변경, 2023년도 추가 경정 예산을 심의하였고, 모두 원안 통과되었다.",http://www.nowonilc.or.kr/bbs/board.php?bo_table=51&wr_id=2236,http://www.nowonilc.or.kr/bbs/board.php?bo_table=51&wr_id=2236,[]
10,10,노원장애인자립생활센터어울림,서울시,교육,발달,2023 ［발달장애인지원자교육］참가자 모집<마감>,2023-07-12 10:02:00,"

2023년 7월 27일(목)과 28일(금)에 노원평생교육원 2층 대강당에서 무료로 발달장애인 지원자 50명을 대상으로 하는 교육이 실시됩니다. 신청기간은 7월 10일(월)부터 21일(금)까지 12일간 이루어집니다. 신청방법은 구글 신청 또는 홈페이지에서 신청서 다운로드 후 이메일, FAX로 제출합니다. 문의사항은 조신익 권익옹호팀 팀장 070-7791-3450으로 문의하시기 바랍니다.",http://www.nowonilc.or.kr/bbs/board.php?bo_table=51&wr_id=1989,http://www.nowonilc.or.kr/bbs/board.php?bo_table=51&wr_id=1989,['http://www.nowonilc.or.kr/data/file/51/thumb-2038552338_81DAQEp2_6e1a3f5d0b61dcf46e92a3a575ded592b6f54034_750x1060.jpg']
11,11,노원장애인자립생활센터어울림,전체,교육,전체,"(에이블뉴스)서울시 ‘장애인 버스 이용요금 지원’, 7월 중순 신청 가능",2023-06-28 09:23:00,"

7월 중순부터 장애인 버스 이용요금 지원, 아침밥 제공, 노인요양시설 개원, 난자동결 시술 비용 지원, 거점형 우리동네 키움센터 개원, 서울형 키즈카페 추가 운영 등 실시. 9월 중 중장년 진로 설정·직무역량 강화 교육 확대, 디지털 교육공간 '디지털동행플라자' 시범 운영. 에코·승용차 지속 마일리지 지급기준 완화, 주민감사청구 온라인 신청 가능, 간편인증 등 시민 환경보호 참여 유도.",http://www.nowonilc.or.kr/bbs/board.php?bo_table=51&wr_id=2595,http://www.nowonilc.or.kr/bbs/board.php?bo_table=51&wr_id=2595,[]
12,12,노원장애인자립생활센터어울림,전체,교육,전체,2023년 7월 사회복지현장실습생 모집 안내<마감>,2023-06-23 09:35:00,"

노원장애인자립생활센터 어울림은 중증장애인 자립생활 실현을 위해 동료상담, 권익옹호, 자립생활기술훈련 등 다양한 서비스를 제공합니다. 2023년 7월 3일부터 7월 7일까지 사회복지관련학과 재학생을 대상으로 사회복지영역의 현장실습을 실시하고자 하며, 실습기간은 2023년 7월 26일부터 8월 25일까지 8시간씩 총 160시간 입니다. 실습비는 100,000원이며, 실습내용은 센터 오리엔테이션, 장애인 복지의 이해, 권익옹호 및 동료상담, 자립생활, 사회복지행정 및 회계, 프로그램 기획과 실제 등으로 구성됩니다. 신청방법은 실습생 프로파일 및 개인정보 동의서 작성 및 이메일 접수로 이루어지며, 선정발표일은 2023년 7월 10일입니다.",http://www.nowonilc.or.kr/bbs/board.php?bo_table=51&wr_id=1541,http://www.nowonilc.or.kr/bbs/board.php?bo_table=51&wr_id=1541,[]
13,13,노원장애인자립생활센터어울림,전체,교육,전체,[녹색펀드 장애인 치과지원사업 신청안내]<마감>,2023-06-20 18:20:00,"

녹색펀드 장애인 치과지원사업은 장애인복지법 에 의하여 등록한 장애인이며, 의료급여 수급권자 1 · 2종을 대상으로 치과 임플란트 무상지원을 제공하는 사업입니다. 신청기간은 2023년 6월 26일(월) 까지이며, 직접방문 또는 전화 접수 및 문의로 신청할 수 있습니다.",http://www.nowonilc.or.kr/bbs/board.php?bo_table=51&wr_id=1482,http://www.nowonilc.or.kr/bbs/board.php?bo_table=51&wr_id=1482,[]
14,14,노원장애인자립생활센터어울림,서울시,교육,발달,발달장애인 공예 프로그램 참여자 모집 안내<마감>,2023-05-08 17:59:00,"
2023년 5월 8일부터 12일까지 노원어울림센터에서 격주 화요일 월 2회, 총 10회기 목공, 가죽, 한지 등 다양한 공예 활동을 관심있는 장애인을 대상으로 신청서 작성 후 이메일 접수(rkskek0202@naver.com)하면 됩니다. 문의는 02-930-8212 (박성희 자립생활팀장)으로 해주세요.",http://www.nowonilc.or.kr/bbs/board.php?bo_table=51&wr_id=1054,http://www.nowonilc.or.kr/bbs/board.php?bo_table=51&wr_id=1054,['http://www.nowonilc.or.kr/data/file/51/thumb-2038552338_hp5WEPCN_330d1d035ce8cf62c6568aaa01e3e5fa58bb3e55_750x750.png']
15,15,노원장애인자립생활센터어울림,전체,교육,발달,'집단자립생활지원' 프로그램 참여자 모집<마감>,2023-04-18 14:31:00,"

2023년 4월 17일부터 5월 12일까지 노원구 지역사회시설에서 다양한 체험활동을 통해 자립생활 능력을 기르고 싶은 성인 발달 장애인 6명을 모집하며, 매주 수요일 14:00~16:00에 참여자가 직접 활동내용을 정하여 다양한 지역사회 활동을 진행하고 있으며, 홈페이지 공지사항에서 신청서 작성 후 이메일 접수(curbe321@naver.com)하며, 문의는 02-930-8212(김종훈 사회복지사)로 하면 된다.",http://www.nowonilc.or.kr/bbs/board.php?bo_table=51&wr_id=1053,http://www.nowonilc.or.kr/bbs/board.php?bo_table=51&wr_id=1053,['http://www.nowonilc.or.kr/data/file/51/thumb-2038552338_E5OBHLXg_7eb262a697324bb9c3586c9d5cf3cc71813973e8_750x1060.png']
16,16,노원장애인자립생활센터어울림,전체,교육,전체,"2023 동료상담사 양성과정(기초, 심화) 프로그램 참여자 모집<마감>",2023-04-12 17:50:00,"

2023년 4월 10(월)부터 4월 23일(일)까지 노원장애인자립생활센터어울림 교육실에서 동료상담 기법 및 역할극 등 동료상담 기초 및 심화 교육을 진행하며, 이메일, 방문, 팩스 및 전화로 신청할 수 있습니다.",http://www.nowonilc.or.kr/bbs/board.php?bo_table=51&wr_id=1049,http://www.nowonilc.or.kr/bbs/board.php?bo_table=51&wr_id=1049,['http://www.nowonilc.or.kr/data/file/51/thumb-2038552338_Whw6qucX_b197a30d124ac95993166ce44ec254dc45f7c886_750x1125.png']
17,17,노원장애인자립생활센터어울림,서울시,교육,전체,장애인 건강주치의 시범사업,2023-04-08 17:10:00,"

서울에는 북부지역장애인 보건의료센터(은평구, 서울재활병원, 02-6020-3128)와 남부지역장애인 보건의료센터(동작구, 보라매병원, 02-870-2071)가 있습니다.",http://www.nowonilc.or.kr/bbs/board.php?bo_table=51&wr_id=1048,http://www.nowonilc.or.kr/bbs/board.php?bo_table=51&wr_id=1048,['http://www.nowonilc.or.kr/data/file/51/2038552338_OvJjKRsl_c0ac6568688f07d694c0d09fa55e8cbf047c31b5.png']
18,18,노원장애인자립생활센터어울림,서울시,교육,전체,2023 자조모임 활성화 지원사업 선정 안내,2023-04-04 11:26:00,"

2023년 서울시 자조모임 활성화 지원사업에 선정된 모임은 배워서 남주자 자조모임, 나도 성우다 자조모임, 모아모아 자조모임, 공부모임(べんきょう あつまり) 자조모임 총 4개 모임입니다. 관심가져 주신 모든 분들께 감사드립니다. 항상 건강하시고 매일매일 아름답고 행복하세요.",http://www.nowonilc.or.kr/bbs/board.php?bo_table=51&wr_id=1046,http://www.nowonilc.or.kr/bbs/board.php?bo_table=51&wr_id=1046,[]
19,19,노원장애인자립생활센터어울림,전체,교육,전체,2022 기부금 모금액 및 활용실적 명세서,2023-03-31 16:25:00,"

2021년 기부금 모금액 및 활용실적을 공개하며, 노원장애인자립생활센터어울림과 함께하여 장애계를 위해 힘쓰고 지역사회 어울림을 위해 노력하겠다. 2022년 정기 후원자 명단에는 김*남, 김*용, 김*경, 신*년, 신*열, 이*섭, 이*섭, 이*곤, 이*윤, 임*희, 정*영, 차*기, 노*경, 조*수, 안*환, 임*아, 이*지, 황*재, 김*연, 박*민, 이*옥, 김*경이 포함되어 있다.",http://www.nowonilc.or.kr/bbs/board.php?bo_table=51&wr_id=1045,http://www.nowonilc.or.kr/bbs/board.php?bo_table=51&wr_id=1045,[]
20,20,노원장애인자립생활센터어울림,서울시,교육,전체,노원장애인자립생활센터어울림 사회복지사 채용 공고<마감>,2023-03-30 11:00:00,"

서울시중증장애인자립생활지원사업 담당 사회복지사 1명 모집. 모집기간 2023. 3. 30.(목) ~ 2023. 4. 7.(금). 사회복지사(1급, 2급) 자격증 소지자 및 운전면허 소지자, 장애인, 장애인 관련 경력자 우대. 주5일(월~금), 09:00~18:00, 주 40시간 근무. 서류전형, 면접전형으로 채용. 서류 접수 2023. 3. 30.(목) ~  4. 7.(금) 24:00 까지. 문의: 주련 실장 (070-7791-3120 / joolyeon@hanmail.net).",http://www.nowonilc.or.kr/bbs/board.php?bo_table=51&wr_id=1044,http://www.nowonilc.or.kr/bbs/board.php?bo_table=51&wr_id=1044,[]
21,21,노원장애인자립생활센터어울림,서울시,교육,발달,노원장애인자립생활센터어울림 사회복지사 채용 공고<마감>,2023-03-07 13:31:00,"

서울시중증장애인자립생활지원사업 담당 사회복지사 1명 모집, 사회복지사 자격증 소지자, 학력 및 전공, 경력, 나이, 성별 무관, 컴퓨터 활용 능숙자, 운전면허 자격증 소지자 및 실제 운전 가능자, 장애인, 장애인 관련 사회복지 경력자, 2023. 3. 7.(화) ~ 3. 16.(목) 24:00 도착분까지 접수.",http://www.nowonilc.or.kr/bbs/board.php?bo_table=51&wr_id=821,http://www.nowonilc.or.kr/bbs/board.php?bo_table=51&wr_id=821,[]
22,22,노원장애인자립생활센터어울림,서울시,교육,전체,노원장애인자립생활센터어울림 사회복지사(팀장) 채용 공고<마감>,2023-03-03 11:23:00,"

서울시중증장애인자립생활지원사업의 사업담당 사회복지사(팀장) 1명을 모집합니다. 자격요건은 사회복지시설 경력 3년 이상, 사회복지사 자격증 소지, 학력 및 전공, 경력, 나이, 성별 무관, 사회복지사업법에 따른 결격사유가 없는 자로 우대조건으로는 컴퓨터 활용 능숙자, 운전면허 자격증 소지자 및 실제 운전 가능자, 장애인이 있습니다. 접수기간은 2023년 3월 3일(금)부터 3월 16일(목)까지 14일간 입니다.",http://www.nowonilc.or.kr/bbs/board.php?bo_table=51&wr_id=820,http://www.nowonilc.or.kr/bbs/board.php?bo_table=51&wr_id=820,[]
23,23,노원장애인자립생활센터어울림,노원 어울림센터,교육,전체,2023년 하지메마시떼 프로그램 참여자 모집<마감>,2023-03-03 09:28:00,"

2023년 3월 2일~10일 장애인 일본어 교육 프로그램 '하지메마시떼' 모집, 중급 난이도 회화 및 문법, JLPT 대비, 노원 어울림센터 교육실, 매주 금요일 14:00~16:00. 02-930-8212.",http://www.nowonilc.or.kr/bbs/board.php?bo_table=51&wr_id=819,http://www.nowonilc.or.kr/bbs/board.php?bo_table=51&wr_id=819,['http://www.nowonilc.or.kr/data/file/51/thumb-2038552338_XI0KWuka_753b78102d54e6cd060d5f58030636aabd0f0d7b_750x1061.png']
24,24,노원장애인자립생활센터어울림,전체,교육,전체,'2023 자조모임 활성화 지원사업' 프로그램 참여자(모임)을 모집합니다<마감>,2023-03-02 18:25:00,"

2023년 자조모임 활성화 지원사업 모집! 장애인 또는 장애인모임(4명 이상) 참여자 모집. 수시모집(정원 마감시까지). 홈페이지 다운로드 신청서 작성 후 메일 또는 방문 제출. 모임당 최대 100만원 지원. 예술/문화, 견학/체험, 인식개선/교육 등 자유 주제 자조모임. 4월부터 12월까지 활동(6개월 6회 이상). 신청서, 참여자 명단, 복지카드, 개인정보 제공 동의서 각 1부 제출.",http://www.nowonilc.or.kr/bbs/board.php?bo_table=51&wr_id=818,http://www.nowonilc.or.kr/bbs/board.php?bo_table=51&wr_id=818,['http://www.nowonilc.or.kr/data/file/51/thumb-2038552338_kZhBE3Yr_9610abb213b957e688fe282bb4fe2064b0689d6b_750x1061.png']
25,25,노원장애인자립생활센터어울림,노원구,교육,전체,2023년'찾아라 편의시설' 참여자 모집,2023-02-28 21:39:00,"

2023년 4월부터 11월까지 노원구 내 및 인근 거주자 장애인을 대상으로 하는 '찾아라 편의시설' 참여자를 모집합니다. 신청 방법은 홈페이지, 이메일, 팩스, 방문접수, 전화 등이 있으며, 조사활동 공유 및 토의 진행을 하며 소정의 활동비가 지급됩니다.",http://www.nowonilc.or.kr/bbs/board.php?bo_table=51&wr_id=817,http://www.nowonilc.or.kr/bbs/board.php?bo_table=51&wr_id=817,['http://www.nowonilc.or.kr/data/file/51/2038552338_2rmlSejq_ca46d16513dd3f4f289e2be987654ce5cd18b395.png']
26,26,노원장애인자립생활센터어울림,전체,교육,전체,2023년 '권익옹호 활동단'참여자를 모집합니다.<마감>,2023-02-21 18:08:00,"

2023년 노원구 거주 장애인 5명을 모집하여 2월 6일부터 11월까지 장애관련 유튜브 컨텐츠 제작, 장애인정책 모니터링 및 제안, 인식개선 캠페인 활동을 진행하는 '권익옹호 활동단'을 모집합니다. 문의는 070-7791-3450 (나한규 대리)로 해주세요.",http://www.nowonilc.or.kr/bbs/board.php?bo_table=51&wr_id=815&page=2,http://www.nowonilc.or.kr/bbs/board.php?bo_table=51&wr_id=815&page=2,['http://www.nowonilc.or.kr/data/file/51/thumb-2038552338_pGRdkM6W_bc3286033e7fd15cb58ec77ebb715a8f162f6d8c_750x1065.jpg']
27,27,노원장애인자립생활센터어울림,전체,교육,발달,2023년 노원장애인자립생활센터어울림 정기총회 결과 보고,2023-02-20 18:09:00,"

2023년 노원장애인자립생활센터어울림 정기총회는 1월 27일 비엔티컨벤션에서 회원 108명 중 67명 참석, 20명 위임으로 과반 이상 참석하여 2022년 사업 및 회계 감사 결과 보고 건, 2023년 사업계획 및 예산(안) 관한 사항, 노원장애인자립생활센터어울림 센터장 선출의 관한 사항 등의 의결안건을 심의하여 원안 통과하였으며, 센터장 당선은 이성수로 결정되었다.",http://www.nowonilc.or.kr/bbs/board.php?bo_table=51&wr_id=814&page=2,http://www.nowonilc.or.kr/bbs/board.php?bo_table=51&wr_id=814&page=2,[]
28,28,노원장애인자립생활센터어울림,전체,교육,전체,노원장애인자립생활센터어울림 2022년 결산 및 2023년 예산공고,2023-02-20 18:03:00,"

2023년 예산 및 2022년 결산서 공고: 2023. 2. 20. ~ (20일 이상), 우리 센터 홈페이지에서 공고. 2022년도 결산(센터총괄 및 계정 예산별) 및 2023년도 예산(센터총괄 및 계정 예산별) 공고, 사회복지시설 재무회계규칙 근거.",http://www.nowonilc.or.kr/bbs/board.php?bo_table=51&wr_id=813&page=2,http://www.nowonilc.or.kr/bbs/board.php?bo_table=51&wr_id=813&page=2,[]
29,29,노원장애인자립생활센터어울림,서울시,교육,전체,2023년 스포츠라이트 참여자 모집<마감>,2023-02-20 10:27:00,"

2023년 서울시장애인자립생활지원센터 스포츠라이트 자조모임 모집, 노원구 거주 장애인 5명 대상, 2.6~2.24 신청, 3~12월 스포츠 경기장 방문 및 관람, 신청서 이메일 제출/방문/전화, 문의 02-930-8212/070-7706-9791.",http://www.nowonilc.or.kr/bbs/board.php?bo_table=51&wr_id=812&page=2,http://www.nowonilc.or.kr/bbs/board.php?bo_table=51&wr_id=812&page=2,['http://www.nowonilc.or.kr/data/file/51/thumb-2038552338_R1hZCOjU_ff26b6d1db230eefa96139f7fc110c1b78a86dc3_750x1125.png']
30,30,노원장애인자립생활센터어울림,서울시,보조기기,전체,2023년 노원장애인자립생활센터어울림 활동가 모집<마감>,2023-02-13 16:20:00,"

2023년 2월 13일부터 24일까지 노원장애인자립생활센터어울림 센터 활동가를 2명 모집합니다. 활동내용은 센터 내 사업 및 프로그램 진행 보조 및 참여, 장애인 당사자 권익옹호 활동 및 센터 홍보, 노원구내 편의시설 모니터링 등이 있으며, 활동혜택으로는 우선 참여권 부여 및 매월 소정의 활동비 지급이 있습니다. 신청자격은 장애인복지법상 등록장애인(노원구 거주자 우대)이며, 신청방법은 방문제출, 팩스접수, E-mail접수가 있습니다. 문의사항은 실장(070-7791-3120)에게 문의해주세요.",http://www.nowonilc.or.kr/bbs/board.php?bo_table=51&wr_id=808&page=2,http://www.nowonilc.or.kr/bbs/board.php?bo_table=51&wr_id=808&page=2,[]
31,31,노원장애인자립생활센터어울림,서울시,교육,전체,2023년 '어울림' 장애인 기자단 참여자 모집 안내<마감>,2023-02-13 15:08:00,"

노원장애인자립생활센터어울림에서 2023년 서울시장애인자립생활지원사업의 일환으로 '어울림' 장애인 기자단 참여자를 모집합니다. 모집 대상은 취재 및 기사 작성이 가능한 장애인이며, 신청 기간은 ~2023년 3월 10일까지이고, 진행 내용은 장애 관련 기관 조사 및 탐방, 장애인 당사자 인터뷰, 편의시설 취재, 기사 작성 및 지역사회 공유로 구성되어 있습니다. 진행 기간은 2023년 3월~12월(월 1회 모임)이며, 진행 장소는 노원 어울림센터, 지역사회로 구성되어 있습니다. 활동 혜택으로는 소정의 원고료 지급이 있으며, 신청 방법은 전화 접수 및 신청서 작성 후 이메일 접수(rkskek0202@naver.com)가 있습니다. 문의는 02-930-8212(자립생활팀장 박성희)로 문의하시기 바랍니다.",http://www.nowonilc.or.kr/bbs/board.php?bo_table=51&wr_id=806&page=2,http://www.nowonilc.or.kr/bbs/board.php?bo_table=51&wr_id=806&page=2,['http://www.nowonilc.or.kr/data/file/51/thumb-2038552338_2cZYmGgX_bf112347c34d2691c15d6b754739fc390f06bd58_750x1061.png']
32,32,노원장애인자립생활센터어울림,서울시,교육,발달,2023 노원장애인자립생활센터어울림 중증장애인 인턴제 채용 공고(마감),2023-02-08 19:22:00,"

노원장애인자립생활센터 어울림에서 중증장애인 인턴 1명을 모집합니다. 18세 이상 서울시 거주 중증장애인, 근무기간 3월 6일~12월 29일, 급여 2,208,500원(세전, 기관부담금 포함), 응시원서, 장애인등록증, 최종학교 졸업증명서, 건강보험득실확인서, 경력증명서, 자격증, 자기소개서, 개인정보 수집 및 활용 동의서 제출. 2월 9~22일 신청 및 접수, 23~24일 면접심사, 3월 2일 합격자 발표.",http://www.nowonilc.or.kr/bbs/board.php?bo_table=51&wr_id=803&page=2,http://www.nowonilc.or.kr/bbs/board.php?bo_table=51&wr_id=803&page=2,[]
33,33,노원장애인자립생활센터어울림,서울시,교육,전체,노원장애인자립생활센터어울림 제5대 센터장 입후보 접수 및 선거일자 공고 <마감>,2023-01-11 15:49:00,"

노원장애인자립생활센터어울림은 2023. 1. 27.(금) 17:00 ~ 18:00에 건영백화점 6층에서 센터장 선거를 개최합니다. 선거권자는 정관 제2장 제5조에 해당하는 자이며, 후보자는 정관 제2장 제5조 2항에 해당하는 회원입니다. 후보자 등록기간은 2023. 1. 11.(수) ~ 18. (수) 09:00 ~ 18:00이며, 등록 장소는 본센터 사무처(서울시 노원구 상계로7길 39, 한올빌딩 2층)입니다. 구비서류는 후보자 등록 신청서, 이력서, 복지카드 또는 이를 대신할 증빙자료가 필요합니다. 문의는 070-7791-3120, 주련 총괄팀장으로 해주세요.",http://www.nowonilc.or.kr/bbs/board.php?bo_table=51&wr_id=797&page=2,http://www.nowonilc.or.kr/bbs/board.php?bo_table=51&wr_id=797&page=2,[]
34,34,노원장애인자립생활센터어울림,전체,교육,전체,2023년 노원장애인자립생활센터 어울림 정기총회 개최,2023-01-11 15:49:00,"
2023년 1월 17일 비엔티(BNT) 컨벤션 웨딩에서 노원장애인자립생활센터어울림 정기총회를 개최합니다. 2022년 사업·회계감사 결과 보고, 임원진 보고, 운영 규정 변경 보고, 2022년 사업 실적 및 세입·세출 결산(안) 관한 사항, 2023년 사업계획 및 예산(안) 관한 사항, 센터장 선출의 관한 사항을 의결합니다. 위임장 제출기한은 1월 27일 18시까지 노원구 상계로7길 39, 2층, 이메일(hno1il@hanmail.net), 팩스(02-936-8212)로 방문, 이메일, 팩스로 제출하시면 됩니다.",http://www.nowonilc.or.kr/bbs/board.php?bo_table=51&wr_id=798&page=2,http://www.nowonilc.or.kr/bbs/board.php?bo_table=51&wr_id=798&page=2,[]
35,35,노원장애인자립생활센터어울림,전체,교육,전체,2023년 신규 채용 확정 공고,2023-01-03 11:36:00,"

2023년 노원장애인자립생활센터에서 박*주, 나*규 두 분이 서울시 장애인자립생활지원사업 전담인력으로 채용되었으며, 박*주는 2023. 1. 3.(화)부터, 나*규은 2023. 1. 5.(목)부터 근무를 시작합니다. 감사드리며, 지원자분들 모두 원하는 곳에 가실 수 있길 기원합니다.",http://www.nowonilc.or.kr/bbs/board.php?bo_table=51&wr_id=796&page=2,http://www.nowonilc.or.kr/bbs/board.php?bo_table=51&wr_id=796&page=2,[]
